region_code,region_name,province,population,youth_ratio,elderly_ratio,single_household_ratio,event_count,program_diversity,free_event_ratio,youth_program_ratio,elderly_program_ratio,tourism_program_ratio,resident_program_ratio,museum_count,facility_type_count,museum_free_ratio,transport_info_ratio,festival_count,festival_type_count,festival_budget,visitor_total,bus_stop_count,facility_count,facility_per_10k,event_per_month,regular_program_score,public_transport_score,transport_weakness,rural_flag,rural_penalty,elderly_access_penalty,vulnerability_score,mismatch_raw,facility_national_count,facility_national_diversity
5115000000,강원특별자치도 강릉시,강원특별자치도,205790.0,7.954225181009768,36.98576218475145,30.0,50.0,7.0,0.16666666666666666,0.06,0.0,0.04,0.0,21.0,3.0,0.3333333333333333,1.0,14.0,5.0,7117.0,2922021.0,20.0,23.8,1.1565187812818893,5.333333333333333,1.0,0.4250797024442083,99.57492029755579,0,0,100,68.88131449709024,65.89866107411552,6476,5
5182000000,강원특별자치도 고성군,강원특별자치도,27189.0,5.844275258376549,46.01493250947074,30.0,3.0,3.0,0.5,0.0,1.0,0.0,0.0,2.0,1.0,1.0,1.0,1.0,1.0,451.0,84000.0,0.0,2.2,0.8091507594983267,0.3333333333333333,1.0,0.0,100.0,1,100,100,80.24735005305187,46.43243294159821,6476,5
5117000000,강원특별자치도 동해시,강원특별자치도,85608.0,9.061069058966451,35.74315484534156,30.0,2.0,3.0,0.25,0.0,0.0,0.0,0.0,2.0,1.0,0.5,1.0,8.0,3.0,1600.0,257990.0,4.0,3.6,0.42052144659377627,0.8333333333333334,1.0,0.08501594048884166,99.91498405951116,0,0,100,67.56219384031738,69.83429888035172,6476,5
5123000000,강원특별자치도 삼척시,강원특별자치도,60408.0,7.596675936961991,42.35035094689445,30.0,7.0,5.0,0.5,0.0,0.0,0.14285714285714285,0.0,1.0,1.0,1.0,1.0,10.0,4.0,3694.0,380894.0,126.0,3.0,0.49662296384584825,1.4166666666666667,1.0,2.6780021253985122,97.3219978746015,0,0,100,74.09362991431354,66.69579218195659,6476,5
5121000000,강원특별자치도 속초시,강원특별자치도,78805.0,8.248207601040543,36.02817080134509,30.0,14.0,6.0,0.25,0.0,0.0,0.0,0.0,2.0,2.0,0.5,1.0,5.0,3.0,2750.0,408949.0,53.0,3.0,0.3806865046634097,1.5833333333333333,1.0,1.126461211477152,98.87353878852285,0,0,100,67.27230696344448,67.71185034706403,6476,5
5180000000,강원특별자치도 양구군,강원특별자치도,20358.0,9.097160821298752,38.436978092150504,30.0,9.0,4.0,0.0,0.1111111111111111,0.3333333333333333,0.0,0.0,5.0,1.0,0.0,1.0,4.0,3.0,2345.0,221321.0,2.0,5.8,2.849002849002849,1.0833333333333333,1.0,0.04250797024442083,99.95749202975558,1,100,100,70.90136632763982,64.46543131832559,6476,5
5183000000,강원특별자치도 양양군,강원특별자치도,27417.0,6.1385271911587695,47.685742422584525,30.0,6.0,4.0,0.0,0.0,0.3333333333333333,0.6666666666666666,0.0,1.0,1.0,0.0,1.0,6.0,4.0,1375.0,218278.0,396.0,2.2,0.8024218550534341,1.0,1.0,8.416578108395324,91.58342189160467,1,100,100,77.1265988510556,48.12014025100049,6476,5
5175000000,강원특별자치도 영월군,강원특별자치도,35757.0,6.675615963307884,50.580305954078916,30.0,3.0,3.0,0.0,0.0,0.0,0.0,0.0,22.0,2.0,0.0,1.0,4.0,2.0,3850.0,125101.0,634.0,22.8,6.376373856867187,0.5833333333333334,1.0,13.475026567481402,86.52497343251859,1,100,100,77.57591606799011,71.74431295393305,6476,5
5113000000,강원특별자치도 원주시,강원특별자치도,364570.0,9.436870834133362,29.009518062374852,30.0,53.0,6.0,0.3,0.018867924528301886,0.0,0.0,0.0,15.0,3.0,0.6,1.0,18.0,5.0,3947.0,933079.0,3173.0,18.6,0.5101900869517514,5.916666666666667,1.0,67.43889479277364,32.56110520722636,0,0,40,17.862729424593574,66.66570615155325,6476,5
5181000000,강원특별자치도 인제군,강원특별자치도,30752.0,6.822320499479709,37.685353798126954,30.0,5.0,4.0,0.5,0.0,0.0,0.0,0.0,5.0,1.0,1.0,1.0,9.0,4.0,4822.8,409287.0,63.0,6.8,2.2112382934443287,1.1666666666666667,1.0,1.3390010626992561,98.66099893730075,1,100,100,69.1797172560787,64.66143345961702,6476,5
5177000000,강원특별자치도 정선군,강원특별자치도,35113.0,5.940819639449776,47.82843960926152,30.0,10.0,4.0,0.2,0.0,0.0,0.1,0.0,5.0,2.0,0.4,1.0,13.0,4.0,3055.0,709864.0,58.0,7.6,2.164440520604904,1.9166666666666667,1.0,1.2327311370882041,98.76726886291179,1,100,100,81.7196698889509,66.07626996827096,6476,5
5178000000,강원특별자치도 철원군,강원특별자치도,39727.0,7.543987716162811,40.07350164875273,30.0,1.0,3.0,0.0,0.0,0.0,0.0,0.0,0.0,0.0,0.0,0.0,6.0,3.0,4522.0,525747.0,350.0,1.2000000000000002,0.3020615702167292,0.5833333333333334,1.0,7.438894792773645,92.56110520722635,1,100,100,68.36579526702062,68.08108959394511,6476,5
5111000000,강원특별자치도 춘천시,강원특별자치도,285160.0,8.992144760836023,31.091317155281246,30.0,66.0,8.0,0.32142857142857145,0.06060606060606061,0.0,0.15151515151515152,0.030303030303030304,14.0,4.0,0.6428571428571429,1.0,27.0,3.0,6599.0,1003219.0,1860.0,19.4,0.6803198204516763,7.75,1.0,39.53241232731137,60.46758767268863,0,0,100,37.58362902139464,62.372933369402844,6476,5
5119000000,강원특별자치도 태백시,강원특별자치도,36853.0,8.596315089680623,42.60168778661168,30.0,6.0,4.0,0.0,0.0,0.0,0.16666666666666666,0.0,2.0,1.0,0.0,1.0,4.0,2.0,2689.0,756016.0,416.0,2.8,0.7597753235828834,0.8333333333333334,1.0,8.841657810839532,91.15834218916046,0,0,100,70.6125143233144,69.17959385861454,6476,5
5176000000,강원특별자치도 평창군,강원특별자치도,39917.0,6.212891750382043,50.05386176315856,30.0,2.0,4.0,0.375,0.0,0.0,1.0,0.0,4.0,1.0,0.75,1.0,7.0,4.0,3997.0,694123.0,63.0,5.4,1.352807074679961,0.75,1.0,1.3390010626992561,98.66099893730075,1,100,100,84.39128509670557,50.135765772190496,6476,5
5172000000,강원특별자치도 홍천군,강원특별자치도,65889.0,6.532198090728346,48.00346036515959,30.0,3.0,2.0,0.5,0.0,0.3333333333333333,1.0,0.0,3.0,1.0,1.0,1.0,6.0,2.0,4475.0,647135.0,1110.0,4.2,0.6374356872922642,0.75,1.0,23.59192348565356,76.40807651434645,1,100,100,68.18555194947766,42.68474640419206,6476,5
5179000000,강원특별자치도 화천군,강원특별자치도,22328.0,7.067359369401648,40.27678251522752,30.0,1.0,2.0,0.5,0.0,0.0,1.0,0.0,1.0,1.0,1.0,1.0,2.0,2.0,5420.0,1999877.0,0.0,1.4,0.627015406664278,0.25,1.0,0.0,100.0,1,100,100,73.19021283295226,46.85759294569604,6476,5
5173000000,강원특별자치도 횡성군,강원특별자치도,45596.0,7.083954732871304,52.28090183349416,30.0,4.0,4.0,0.25,0.0,0.0,0.25,0.0,2.0,1.0,0.5,1.0,8.0,3.0,3005.0,453811.0,20.0,3.6,0.7895429423633652,1.0,1.0,0.4250797024442083,99.57492029755579,1,100,100,87.69223777550823,68.88230491133709,6476,5
4182000000,경기도 가평군,경기도,62044.0,6.484108052349945,45.20340403584553,30.0,0.0,1.0,0.125,0.0,0.0,0.0,0.0,4.0,1.0,0.25,1.0,4.0,1.0,1800.0,285160.0,1014.0,4.8,0.7736445103474954,0.3333333333333333,1.0,21.55154091392136,78.44845908607864,1,100,100,65.99656214309886,68.07964179820118,6476,5
4128100000,경기도 고양시 덕양구,경기도,483267.0,8.367217293959655,27.93176442835948,30.0,1.0,1.0,0.0,0.0,0.0,1.0,0.0,0.0,0.0,0.0,0.0,0.0,0.0,123.0,20038.0,0.0,0.0,0.0,0.08333333333333333,1.0,0.0,100.0,0,0,40,58.00753431966088,43.34040835132945,6476,5
4128500000,경기도 고양시 일산동구,경기도,297895.0,8.959868410010237,26.843350845096424,30.0,1.0,1.0,0.0,0.0,0.0,1.0,0.0,0.0,0.0,0.0,0.0,0.0,0.0,76.0,12352.0,0.0,0.0,0.0,0.08333333333333333,1.0,0.0,100.0,0,0,40,56.668934942333024,44.375970287219296,6476,5
4128700000,경기도 고양시 일산서구,경기도,276309.0,10.085809727515208,27.79352102175463,30.0,0.0,0.0,0.0,0.0,0.0,0.0,0.0,0.0,0.0,0.0,0.0,0.0,0.0,71.0,11457.0,0.0,0.0,0.0,0.0,0.0,0.0,100.0,0,0,40,57.83751389649953,68.09772312285918,6476,5
4129000000,경기도 과천시,경기도,80384.0,10.316729697452228,23.356638136942674,30.0,38.0,8.0,0.25,0.05263157894736842,0.0,0.07894736842105263,0.0,6.0,3.0,0.5,1.0,1.0,1.0,1470.0,120412.0,141.0,6.2,0.7712977707006369,3.25,1.0,2.9968119022316686,97.00318809776833,0,0,40,50.537922948530245,63.588476217250744,6476,5
4121000000,경기도 광명시,경기도,303479.0,9.239848556242771,26.12174153730571,30.0,32.0,8.0,0.0,0.25,0.0,0.03125,0.0,1.0,1.0,0.0,1.0,5.0,3.0,1122.0,161493.0,453.0,2.0,0.06590241828923912,3.0833333333333335,1.0,9.628055260361318,90.37194473963868,0,0,40,49.86086099670443,60.12195341098943,6476,5
4161000000,경기도 광주시,경기도,398250.0,9.107595731324544,27.542498430634023,30.0,11.0,5.0,0.0,0.0,0.0,0.09090909090909091,0.0,6.0,1.0,0.0,1.0,3.0,2.0,1675.0,612125.0,1344.0,6.6,0.16572504708097927,1.1666666666666667,1.0,28.5653560042508,71.4346439957492,0,0,40,39.9630561870845,63.38004162061671,6476,5
4131000000,경기도 구리시,경기도,187463.0,8.61983431397129,28.230104073870578,30.0,15.0,4.0,0.5,0.0,0.06666666666666667,0.0,0.0,1.0,1.0,1.0,1.0,7.0,2.0,1431.0,634249.0,341.0,2.4000000000000004,0.12802526365202735,1.8333333333333333,1.0,7.247608926673752,92.75239107332625,0,0,40,53.91766884672019,63.55962260668667,6476,5
4141000000,경기도 군포시,경기도,249770.0,8.785282459863074,29.27733514833647,30.0,25.0,4.0,0.0,0.0,0.0,0.0,0.0,0.0,0.0,0.0,0.0,1.0,1.0,600.0,545802.0,469.0,0.2,0.008007366777435241,2.1666666666666665,1.0,9.968119022316685,90.03188097768331,1,100,40,53.532692306307794,65.29940298301756,6476,5
4157000000,경기도 김포시,경기도,484047.0,11.688327786351325,24.024526543909992,30.0,35.0,6.0,0.1,0.0,0.0,0.0,0.02857142857142857,5.0,1.0,0.2,1.0,2.0,1.0,412.0,202569.0,1309.0,5.4,0.11155941468493762,3.0833333333333335,1.0,27.82146652497343,72.17853347502657,0,0,40,36.09387443034864,69.84631438801469,6476,5
4125000000,경기도 동두천시,경기도,86243.0,8.515473719606229,37.28766392634765,30.0,0.0,1.0,0.25,0.0,0.0,0.0,0.0,2.0,1.0,0.5,1.0,2.0,1.0,550.0,22000.0,365.0,2.4,0.2782834548890924,0.16666666666666666,1.0,7.757704569606801,92.2422954303932,0,0,100,64.7435509422983,69.19632294782973,6476,5
4119400000,경기도 부천시 소사구,경기도,224399.0,8.631945775159426,30.446659744473013,30.0,1.0,1.0,0.0,0.0,0.0,1.0,0.0,0.0,0.0,0.0,0.0,3.0,1.0,2451.0,137019.0,0.0,0.6000000000000001,0.026738087068124194,0.3333333333333333,1.0,0.0,100.0,0,0,100,61.10051051543906,45.54750335186714,6476,5
4119600000,경기도 부천시 오정구,경기도,148946.0,6.997838142682583,33.210693808494355,30.0,0.0,1.0,0.0,0.0,0.0,0.0,0.0,0.0,0.0,0.0,0.0,2.0,1.0,1627.0,90947.0,0.0,0.4,0.02685537040269628,0.16666666666666666,1.0,0.0,100.0,0,0,100,64.49989318936667,62.554378101691796,6476,5
4119200000,경기도 부천시 원미구,경기도,382692.0,8.255725230733853,28.832585996049044,30.0,2.0,2.0,0.0,0.0,0.0,1.0,0.0,0.0,0.0,0.0,0.0,5.0,2.0,4180.0,233673.0,0.0,1.0,0.026130674275919016,0.5833333333333334,1.0,0.0,100.0,0,0,40,59.11542125541341,43.55021650715275,6476,5
4113500000,경기도 성남시 분당구,경기도,468368.0,10.89378437467974,23.58700850613193,30.0,62.0,4.0,0.0,0.0,0.0,0.008333333333333333,0.008333333333333333,0.0,0.0,0.0,0.0,1.0,1.0,850.0,112005.0,0.0,0.2,0.004270146551429645,5.25,1.0,0.0,100.0,0,0,40,52.664080634803994,67.59351547380294,6476,5
4113100000,경기도 성남시 수정구,경기도,234328.0,6.863029599535693,29.648185449455468,30.0,31.0,2.0,0.0,0.0,0.0,0.008333333333333333,0.008333333333333333,0.0,0.0,0.0,0.0,1.0,1.0,425.0,56037.0,0.0,0.2,0.008535044894336144,2.6666666666666665,1.0,0.0,100.0,0,0,40,60.11849668305156,59.770684421035206,6476,5
4113300000,경기도 성남시 중원구,경기도,201051.0,6.872385613600529,30.899622483847384,30.0,27.0,2.0,0.0,0.0,0.0,0.008333333333333333,0.008333333333333333,0.0,0.0,0.0,0.0,0.0,0.0,365.0,48079.0,0.0,0.0,0.0,2.25,1.0,0.0,100.0,0,0,100,61.65759253848903,60.52448138183933,6476,5
4111300000,경기도 수원시 권선구,경기도,360343.0,8.78662829581815,24.89378175793619,30.0,35.0,2.0,0.0,0.0782608695652174,0.0,0.008695652173913044,0.0,0.0,0.0,0.0,0.0,2.0,1.0,1508.0,468478.0,0.0,0.4,0.011100534768262461,3.0833333333333335,1.0,0.0,100.0,0,0,40,54.27123244554272,61.42951839538209,6476,5
4111700000,경기도 수원시 영통구,경기도,362168.0,11.206953678955623,16.775916149411323,30.0,35.0,2.0,0.0,0.0782608695652174,0.0,0.008695652173913044,0.0,0.0,0.0,0.0,0.0,2.0,1.0,1515.0,470851.0,0.0,0.4,0.011044598087075612,3.0833333333333335,1.0,0.0,100.0,0,0,40,44.28737151629508,62.99039852691557,6476,5
4111100000,경기도 수원시 장안구,경기도,270245.0,9.210161150067531,26.796795500379282,30.0,26.0,2.0,0.0,0.0782608695652174,0.0,0.008695652173913044,0.0,0.0,0.0,0.0,0.0,1.0,0.0,1131.0,351343.0,0.0,0.2,0.0074006919646987,2.25,1.0,0.0,100.0,0,0,40,56.611678255713215,63.63464281890579,6476,5
4111500000,경기도 수원시 팔달구,경기도,193364.0,6.778407562938292,26.453217765457893,30.0,19.0,1.0,0.0,0.0782608695652174,0.0,0.008695652173913044,0.0,0.0,0.0,0.0,0.0,1.0,0.0,809.0,251390.0,0.0,0.2,0.010343186942760804,1.6666666666666667,1.0,0.0,100.0,0,0,40,56.18912478054372,57.125471823356925,6476,5
4139000000,경기도 시흥시,경기도,514804.0,10.113363532528885,22.208646397463887,30.0,8.0,4.0,0.25,0.0,0.0,0.0,0.0,4.0,2.0,0.5,1.0,5.0,4.0,1010.0,63778.0,1228.0,5.0,0.0971243424682015,1.0833333333333333,1.0,26.09989373007439,73.90010626992562,0,0,40,34.919240157718896,64.92879546150442,6476,5
4127300000,경기도 안산시 단원구,경기도,288673.0,8.353049990820063,26.09527042709225,30.0,25.0,3.0,0.0,0.038461538461538464,0.0,0.0,0.019230769230769232,0.0,0.0,0.0,0.0,3.0,1.0,903.0,374870.0,0.0,0.6000000000000001,0.020784763382789527,2.3333333333333335,1.0,0.0,100.0,0,0,40,55.74889866464398,61.32934363680677,6476,5
4127100000,경기도 안산시 상록구,경기도,321039.0,8.622316914767366,27.442771750472684,30.0,27.0,4.0,0.0,0.038461538461538464,0.0,0.0,0.019230769230769232,0.0,0.0,0.0,0.0,4.0,2.0,1005.0,416900.0,0.0,0.8,0.024919090826971177,2.5833333333333335,1.0,0.0,100.0,0,0,40,57.40614041553965,62.84145515750399,6476,5
4155000000,경기도 안성시,경기도,198631.0,8.970905850546993,30.933238014207248,30.0,16.0,4.0,0.4166666666666667,0.0,0.0,0.0,0.0,6.0,3.0,0.8333333333333334,1.0,3.0,2.0,21936.0,603622.0,1419.0,6.6,0.33227441839390626,1.5833333333333333,1.0,30.159404888416578,69.84059511158343,0,0,100,43.152969954014814,66.78449208295388,6476,5
4117300000,경기도 안양시 동안구,경기도,328926.0,9.924116670618924,24.149200732079557,30.0,6.0,3.0,0.0,0.0,0.0,0.0,0.0,0.0,0.0,0.0,0.0,4.0,2.0,791.0,149177.0,0.0,0.8,0.024321579929832242,0.8333333333333334,1.0,0.0,100.0,0,0,40,53.35549994007938,65.52412810770502,6476,5
4117100000,경기도 안양시 만안구,경기도,233415.0,6.919435340487973,31.460703039650404,30.0,5.0,2.0,0.0,0.0,0.0,0.0,0.0,0.0,0.0,0.0,0.0,3.0,1.0,561.0,105860.0,0.0,0.6000000000000001,0.025705288863183604,0.6666666666666666,1.0,0.0,100.0,0,0,100,62.347644642007445,61.31641152959651,6476,5
4163000000,경기도 양주시,경기도,296976.0,9.806516351489684,26.382266580464414,30.0,10.0,4.0,0.0,0.0,0.0,0.0,0.0,6.0,2.0,0.0,1.0,4.0,3.0,2008.0,388594.0,1607.0,6.8,0.22897473196487259,1.1666666666666667,1.0,34.155154091392134,65.84484590860787,0,0,40,35.09878783080539,66.49117603471981,6476,5
4183000000,경기도 양평군,경기도,126746.0,7.730421472866994,44.32013633566345,30.0,10.0,3.0,0.16666666666666666,0.0,0.0,0.3,0.1,6.0,1.0,0.3333333333333333,1.0,12.0,3.0,2422.0,575898.0,1114.0,8.4,0.6627428084515488,1.8333333333333333,1.0,23.6769394261424,76.3230605738576,1,100,100,63.60328977306426,63.0744528576441,6476,5
4167000000,경기도 여주시,경기도,113541.0,7.772522701050722,39.26246906403854,30.0,10.0,6.0,0.2916666666666667,0.0,0.0,0.0,0.0,12.0,3.0,0.5833333333333334,1.0,11.0,5.0,2923.0,2029755.0,1236.0,14.2,1.2506495450982464,1.75,1.0,26.269925611052074,73.73007438894793,0,0,100,55.78854431454248,68.2529405880433,6476,5
4180000000,경기도 연천군,경기도,42868.0,6.468694597368667,44.462069609032376,30.0,3.0,3.0,0.5,0.0,0.0,0.0,0.0,1.0,1.0,1.0,1.0,6.0,3.0,3959.0,603220.0,734.0,2.2,0.5132033218251376,0.75,1.0,15.600425079702445,84.39957492029755,1,100,100,68.74435050122985,67.60531648642474,6476,5
4137000000,경기도 오산시,경기도,252414.0,10.817941952506596,19.567456638696747,30.0,20.0,5.0,0.5,0.0,0.0,0.0,0.0,3.0,2.0,1.0,1.0,3.0,2.0,504.5,328383.0,478.0,3.6,0.1426228339157099,1.9166666666666667,1.0,10.159404888416578,89.84059511158343,0,0,40,41.473246247017975,65.37679302546115,6476,5
4146300000,경기도 용인시 기흥구,경기도,434363.0,11.153113870196126,24.07916880581449,30.0,1.0,1.0,0.0,1.0,0.0,1.0,0.0,0.0,0.0,0.0,0.0,2.0,1.0,355.0,54660.0,0.0,0.4,0.009208887497323667,0.25,1.0,0.0,100.0,0,0,40,53.26937027913706,27.5666165975597,6476,5
4146500000,경기도 용인시 수지구,경기도,369798.0,12.337005608467326,21.943872059881343,30.0,0.0,1.0,0.0,0.0,0.0,0.0,0.0,0.0,0.0,0.0,0.0,2.0,1.0,302.0,46535.0,0.0,0.4,0.010816716153143068,0.16666666666666666,1.0,0.0,100.0,0,0,40,50.643248243846855,71.03422490617237,6476,5
4146100000,경기도 용인시 처인구,경기도,285532.0,9.397545634114564,27.12375495566171,30.0,2.0,1.0,0.0,0.5,0.0,1.0,0.0,0.0,0.0,0.0,0.0,2.0,1.0,233.0,35931.0,0.0,0.4,0.014008937702254039,0.3333333333333333,1.0,0.0,100.0,0,0,40,57.013793526950806,37.553712344386604,6476,5
4143000000,경기도 의왕시,경기도,163071.0,8.20992083203022,28.49740297171171,30.0,0.0,1.0,0.25,0.0,0.0,0.0,0.0,2.0,2.0,0.5,1.0,1.0,1.0,595.0,60000.0,427.0,2.2,0.13491056043073263,0.08333333333333333,1.0,9.075451647183847,90.92454835281615,0,0,40,53.122411934399686,63.22643946608855,6476,5
4115000000,경기도 의정부시,경기도,461816.0,8.543878947459595,28.921691756024043,30.0,38.0,7.0,0.0,0.0,0.0,0.10526315789473684,0.07894736842105263,1.0,1.0,0.0,1.0,7.0,3.0,1411.0,84000.0,747.0,2.4000000000000004,0.05196874945865886,3.75,1.0,15.876726886291179,84.12327311370882,0,0,40,49.46191122140779,60.728928731525755,6476,5
4150000000,경기도 이천시,경기도,223635.0,9.578107183580387,27.246629552619222,30.0,20.0,6.0,0.3333333333333333,0.05,0.0,0.1,0.0,3.0,2.0,0.6666666666666666,1.0,10.0,4.0,4896.0,1731460.0,1167.0,5.0,0.22357859905649832,2.5,1.0,24.803400637619553,75.19659936238045,0,0,40,41.91252254105204,63.503539278997096,6476,5
4148000000,경기도 파주시,경기도,532124.0,10.487405191271208,24.693492494230668,30.0,34.0,7.0,0.05263157894736842,0.0,0.0,0.058823529411764705,0.38235294117647056,19.0,2.0,0.10526315789473684,1.0,12.0,4.0,7375.0,637388.0,2264.0,21.4,0.40216190211304126,3.8333333333333335,1.0,48.11902231668438,51.88097768331562,0,0,40,24.43500636529348,58.60259972196114,6476,5
4165000000,경기도 포천시,경기도,140464.0,6.892869347306071,40.208167217222915,30.0,17.0,7.0,0.5,0.0,0.0,0.11764705882352941,0.0,2.0,2.0,1.0,1.0,7.0,4.0,1690.0,589079.0,1227.0,3.4000000000000004,0.24205490374757946,2.0,1.0,26.078639744952177,73.92136025504783,0,0,100,57.06925097886042,63.973592715197036,6476,5
4145000000,경기도 하남시,경기도,327571.0,10.342185358288738,23.63182332990405,30.0,25.0,5.0,0.5,0.08,0.0,0.0,0.0,2.0,1.0,1.0,1.0,1.0,1.0,200.0,16500.0,606.0,2.2,0.06716101242173453,2.1666666666666665,1.0,12.87991498405951,87.12008501594049,0,0,40,44.79893256490585,64.87271036996685,6476,5
4159700000,경기도 화성시 동탄구,경기도,428440.0,14.216693119223228,11.062459154140603,30.0,1.0,1.0,0.0,0.0,0.0,1.0,0.0,0.0,0.0,0.0,0.0,0.0,0.0,721.0,116597.0,0.0,0.0,0.0,0.08333333333333333,1.0,0.0,100.0,0,0,40,37.260603297058005,50.0,6476,5
4159100000,경기도 화성시 만세구,경기도,234599.0,9.919905881951756,26.146744018516703,30.0,1.0,1.0,0.0,0.0,0.0,1.0,0.0,0.0,0.0,0.0,0.0,0.0,0.0,395.0,63844.0,0.0,0.0,0.0,0.08333333333333333,1.0,0.0,100.0,0,0,40,55.812204119931515,46.673447549834364,6476,5
4159500000,경기도 화성시 병점구,경기도,174699.0,10.578766907652591,18.15064768544754,30.0,0.0,0.0,0.0,0.0,0.0,0.0,0.0,0.0,0.0,0.0,0.0,0.0,0.0,294.0,47543.0,0.0,0.0,0.0,0.0,0.0,0.0,100.0,0,0,40,45.97810269277863,63.87994641864414,6476,5
4159300000,경기도 화성시 효행구,경기도,159975.0,9.77840287544929,22.819190498515393,30.0,0.0,0.0,0.0,0.0,0.0,0.0,0.0,0.0,0.0,0.0,0.0,0.0,0.0,269.0,43536.0,0.0,0.0,0.0,0.0,0.0,0.0,100.0,0,0,40,51.71976982988438,64.34082222629783,6476,5
4831000000,경상남도 거제시,경상남도,229221.0,12.49012961290632,25.316179582149978,30.0,18.0,4.0,0.07142857142857142,0.05555555555555555,0.0,0.0,0.0,7.0,2.0,0.14285714285714285,1.0,7.0,4.0,2094.6,379186.0,1403.0,8.4,0.36645857054981873,2.0833333333333335,1.0,29.81934112646121,70.18065887353879,0,0,40,36.45387462693901,72.02891739607534,6476,5
4888000000,경상남도 거창군,경상남도,58874.0,9.567890749736724,43.80371641131909,30.0,8.0,3.0,0.5,0.0,0.0,0.25,0.0,1.0,1.0,1.0,1.0,4.0,2.0,3035.0,389318.0,690.0,1.8,0.3057376770730713,1.0,1.0,14.665249734325187,85.33475026567481,1,100,100,68.50973507843435,70.94656063229365,6476,5
4882000000,경상남도 고성군,경상남도,46849.0,7.97028751947747,51.057653311703554,30.0,0.0,4.0,0.3333333333333333,0.0,0.0,0.0,0.0,3.0,1.0,0.6666666666666666,1.0,6.0,4.0,3693.0,270900.0,755.0,4.2,0.8964972571452966,0.5,1.0,16.046758767268862,83.95324123273113,1,100,100,76.581548943579,75.66617348244014,6476,5
4884000000,경상남도 남해군,경상남도,41091.0,7.0039668053831745,54.82465746757197,30.0,1.0,3.0,0.3333333333333333,0.0,0.0,1.0,0.0,3.0,1.0,0.6666666666666666,1.0,5.0,3.0,1769.0,161827.0,568.0,4.0,0.9734491737850138,0.5,1.0,12.072263549415515,87.92773645058449,1,100,100,83.65848913229831,55.13583222595835,6476,5
4827000000,경상남도 밀양시,경상남도,98619.0,6.937811172289315,48.13271276326063,30.0,12.0,5.0,0.0,0.0,0.0,0.16666666666666666,0.0,1.0,1.0,0.0,1.0,11.0,4.0,4722.5,663923.0,947.0,3.2,0.32448108376681983,1.9166666666666667,1.0,20.127523910733263,79.87247608926674,0,0,100,70.47488274691912,67.72624788022149,6476,5
4886000000,경상남도 산청군,경상남도,32672.0,5.129774730656219,58.0221596474045,30.0,1.0,3.0,0.25,0.0,0.0,0.0,0.0,2.0,1.0,0.5,1.0,6.0,3.0,3282.0,104852.0,402.0,3.2,0.9794319294809012,0.5833333333333334,1.0,8.544102019128587,91.45589798087141,1,100,100,89.76055542661443,71.71886702708377,6476,5
4872000000,경상남도 의령군,경상남도,24481.0,5.228544585596993,56.57857113679997,30.0,3.0,4.0,0.5,0.0,0.0,0.0,0.0,1.0,1.0,1.0,1.0,5.0,4.0,2351.0,746402.0,656.0,2.0,0.8169600914995302,0.6666666666666666,1.0,13.942614240170032,86.05738575982997,1,100,100,84.66542493993073,71.15773649362626,6476,5
4817000000,경상남도 진주시,경상남도,334984.0,10.001074678193584,30.496680438468704,30.0,28.0,6.0,0.2727272727272727,0.03571428571428571,0.0,0.03571428571428571,0.0,11.0,3.0,0.5454545454545454,1.0,5.0,2.0,8281.0,2075154.0,1968.0,12.0,0.35822606452845507,2.75,1.0,41.8278427205101,58.1721572794899,0,0,100,35.44077521816766,68.06864092916955,6476,5
4874000000,경상남도 창녕군,경상남도,54536.0,6.872524570925627,52.092195980636646,30.0,6.0,3.0,0.5,0.0,0.0,0.0,0.0,3.0,1.0,1.0,1.0,4.0,3.0,1298.0,443500.0,655.0,3.8,0.6967874431568138,0.8333333333333334,1.0,13.921360255047821,86.07863974495218,1,100,100,79.1608687702875,73.17745417599649,6476,5
4812500000,경상남도 창원시 마산합포구,경상남도,174767.0,8.731625535713263,36.564111073600856,30.0,0.0,1.0,0.0,0.0,0.0,0.0,0.0,0.0,0.0,0.0,0.0,1.0,1.0,1230.0,780179.0,0.0,0.2,0.011443808041563912,0.08333333333333333,1.0,0.0,100.0,0,0,100,68.62413633739351,69.38416847931639,6476,5
4812700000,경상남도 창원시 마산회원구,경상남도,174485.0,9.131443963664498,34.748545720262484,30.0,0.0,1.0,0.0,0.0,0.0,0.0,0.0,0.0,0.0,0.0,0.0,1.0,1.0,1228.0,778920.0,0.0,0.2,0.011462303349858155,0.08333333333333333,1.0,0.0,100.0,0,0,100,66.39124004792359,69.4542310684297,6476,5
4812300000,경상남도 창원시 성산구,경상남도,245920.0,9.677944046844503,24.44168835393624,30.0,3.0,1.0,0.0,0.6666666666666666,0.0,1.0,0.0,0.0,0.0,0.0,0.0,2.0,1.0,1731.0,1097814.0,0.0,0.4,0.016265452179570594,0.4166666666666667,1.0,0.0,100.0,0,0,40,53.71521958573071,33.51863236986115,6476,5
4812100000,경상남도 창원시 의창구,경상남도,208424.0,9.116032702567843,30.071872720991827,30.0,0.0,1.0,0.0,0.0,0.0,0.0,0.0,0.0,0.0,0.0,0.0,1.0,1.0,1467.0,930428.0,0.0,0.2,0.009595823897439834,0.08333333333333333,1.0,0.0,100.0,0,0,100,60.639573897248006,66.69229862931493,6476,5
4812900000,경상남도 창원시 진해구,경상남도,183163.0,11.265375649012082,27.601644436922307,30.0,1.0,1.0,0.0,0.0,0.0,1.0,0.0,0.0,0.0,0.0,0.0,1.0,1.0,1290.0,817660.0,0.0,0.2,0.010919235871873687,0.16666666666666666,1.0,0.0,100.0,0,0,40,57.601532022577736,51.30655209387981,6476,5
4822000000,경상남도 통영시,경상남도,115818.0,10.397347562555042,37.45704467353952,30.0,41.0,6.0,0.3333333333333333,0.0,0.0,0.07317073170731707,0.0,3.0,2.0,0.6666666666666666,1.0,3.0,3.0,1858.0,578797.0,795.0,3.6,0.3108325130808683,3.6666666666666665,1.0,16.896918172157278,83.10308182784271,0,0,100,59.33187660574773,73.12866685910025,6476,5
4885000000,경상남도 하동군,경상남도,39703.0,5.324534669924187,56.12422235095585,30.0,2.0,2.0,0.5,0.0,0.0,0.0,0.0,1.0,1.0,1.0,1.0,6.0,2.0,1728.0,312466.0,655.0,2.2,0.5541142986676071,0.6666666666666666,1.0,13.921360255047821,86.07863974495218,1,100,100,84.1197080127175,71.16382646897534,6476,5
4873000000,경상남도 함안군,경상남도,56985.0,8.960252698078442,44.825831359129594,30.0,17.0,5.0,0.5,0.0,0.0,0.058823529411764705,0.0,1.0,1.0,1.0,1.0,5.0,3.0,1684.0,339706.0,790.0,2.0,0.3509695533912433,1.8333333333333333,1.0,16.790648246546226,83.20935175345377,1,100,100,68.4598219473828,73.65380188368576,6476,5
4887000000,경상남도 함양군,경상남도,35217.0,6.8801999034557175,52.93750177471108,30.0,7.0,4.0,0.5,0.0,0.0,0.14285714285714285,0.0,1.0,1.0,1.0,1.0,6.0,3.0,2274.0,247578.0,642.0,2.2,0.6246982991169038,1.0833333333333333,1.0,13.645058448459086,86.35494155154092,1,100,100,80.37038557802525,70.83329312732292,6476,5
4889000000,경상남도 합천군,경상남도,38917.0,4.897602590127708,59.737389829637436,30.0,1.0,3.0,0.3333333333333333,0.0,0.0,0.0,0.0,3.0,2.0,0.6666666666666666,1.0,6.0,3.0,2680.0,318356.0,783.0,4.2,1.0792198782023281,0.5833333333333334,1.0,16.641870350690755,83.35812964930925,1,100,100,86.89048120362378,72.06238807378642,6476,5
4729000000,경상북도 경산시,경상북도,263639.0,8.852256305023158,30.853174226878423,30.0,11.0,4.0,0.5,0.0,0.0,0.09090909090909091,0.0,1.0,1.0,1.0,1.0,4.0,3.0,1147.0,101307.0,4629.0,1.8,0.06827517931717235,1.25,1.0,98.38469713071201,1.6153028692879872,0,0,100,1.1006279982859595,64.58578187880477,6476,5
4713000000,경상북도 경주시,경상북도,243141.0,7.648648315175145,39.57539041132512,30.0,32.0,6.0,0.15,0.03125,0.0,0.09375,0.0,10.0,4.0,0.3,1.0,2.0,2.0,440.0,156000.0,1951.0,10.4,0.4277353469797361,2.8333333333333335,1.0,41.46652497343252,58.53347502656748,0,0,100,46.82852851602209,65.85141047017225,6476,5
4783000000,경상북도 고령군,경상북도,29581.0,5.449443899800547,52.618234677664724,30.0,5.0,4.0,0.5,0.0,1.0,0.2,0.0,1.0,1.0,1.0,1.0,1.0,1.0,1340.0,0.0,431.0,1.2,0.4056657989925966,0.5,1.0,9.160467587672688,90.83953241232732,1,100,100,82.73544658901021,41.32101988569768,6476,5
4719000000,경상북도 구미시,경상북도,402867.0,11.078097734488058,22.47515929574773,30.0,25.0,5.0,0.5,0.0,0.36,0.0,0.0,2.0,1.0,1.0,1.0,13.0,3.0,2736.0,728307.0,2146.0,4.6,0.11418160335793201,3.1666666666666665,1.0,45.61105207226355,54.38894792773645,0,0,40,23.248990539805835,65.41104134732653,6476,5
4715000000,경상북도 김천시,경상북도,132840.0,9.024390243902438,38.99503161698284,30.0,15.0,6.0,0.0,0.0,0.0,0.06666666666666667,0.0,0.0,0.0,0.0,0.0,6.0,3.0,1807.0,500000.0,1485.0,1.2000000000000002,0.0903342366757001,1.75,1.0,31.562167906482465,68.43783209351753,0,0,100,52.20526698252308,70.28803492615133,6476,5
4728000000,경상북도 문경시,경상북도,64792.0,7.363563402889245,49.05698234349919,30.0,4.0,3.0,0.4,0.0,0.0,0.0,0.0,5.0,1.0,0.8,1.0,6.0,2.0,3400.0,935457.0,1035.0,6.2,0.9569082602790469,0.8333333333333334,1.0,21.99787460148778,78.00212539851222,0,0,100,70.46147015206692,72.79531174915277,6476,5
4792000000,경상북도 봉화군,경상북도,28107.0,5.770804425943715,58.59394456896858,30.0,0.0,3.0,0.5,0.0,0.0,0.0,0.0,2.0,1.0,1.0,1.0,3.0,3.0,3214.0,312501.0,570.0,2.6,0.9250364677838261,0.25,1.0,12.114771519659936,87.88522848034006,1,100,100,88.26805563606038,73.85568391197577,6476,5
4725000000,경상북도 상주시,경상북도,89382.0,7.5999641986082205,49.544651048309504,30.0,5.0,3.0,0.16666666666666666,0.0,0.0,0.0,0.2,3.0,2.0,0.3333333333333333,1.0,6.0,3.0,2752.0,231543.0,1405.0,4.2,0.46989326710075857,0.9166666666666666,1.0,29.861849096705633,70.13815090329436,0,0,100,66.22543090411253,69.7442396458326,6476,5
4784000000,경상북도 성주군,경상북도,40552.0,4.838232392976918,54.89001775498126,30.0,4.0,3.0,0.5,0.0,0.0,0.0,0.0,1.0,1.0,1.0,1.0,2.0,2.0,1275.0,297625.0,701.0,1.4,0.3452357466956007,0.5,1.0,14.8990435706695,85.1009564293305,1,100,100,82.00059752209913,69.0774879579402,6476,5
4717000000,경상북도 안동시,경상북도,152246.0,8.668208031738107,39.15964951460137,30.0,35.0,5.0,0.2727272727272727,0.02857142857142857,0.0,0.08571428571428572,0.0,11.0,3.0,0.5454545454545454,1.0,7.0,3.0,4980.0,2843000.0,2389.0,12.4,0.8144713161593736,3.5,1.0,50.77577045696068,49.22422954303932,0,0,100,40.5926768933718,68.58925454703882,6476,5
4777000000,경상북도 영덕군,경상북도,32525.0,5.279016141429669,56.79938508839354,30.0,8.0,5.0,0.0,0.0,0.0,0.125,0.125,0.0,0.0,0.0,0.0,3.0,1.0,1300.0,130311.0,894.0,0.6000000000000001,0.1844734819369716,0.9166666666666666,1.0,19.00106269925611,80.99893730074389,1,100,100,81.82639701139598,66.42816837128343,6476,5
4776000000,경상북도 영양군,경상북도,15969.0,5.466842006387376,55.74550691965684,30.0,0.0,3.0,0.5,0.0,0.0,0.0,0.0,1.0,1.0,1.0,1.0,4.0,3.0,1227.0,73717.0,588.0,1.8,1.127183918842758,0.3333333333333333,1.0,12.497343251859723,87.50265674814028,1,100,100,84.52961276145012,71.34426083106344,6476,5
4721000000,경상북도 영주시,경상북도,96511.0,8.750297893504367,43.514210815347475,30.0,6.0,5.0,0.25,0.0,0.0,0.0,0.0,2.0,1.0,0.5,1.0,6.0,5.0,3740.0,796211.0,891.0,3.2,0.3315684222523858,1.0,1.0,18.93730074388948,81.06269925611052,0,0,100,65.52666460679951,73.47682413597244,6476,5
4723000000,경상북도 영천시,경상북도,94331.0,6.375422713636027,47.28668200273505,30.0,6.0,4.0,0.4,0.0,0.0,0.0,0.0,5.0,2.0,0.8,1.0,7.0,3.0,1792.0,186106.0,2092.0,6.4,0.6784620114278445,1.0833333333333333,1.0,44.46333687566419,55.53666312433581,0,0,100,54.46952544714614,68.98471282149764,6476,5
4790000000,경상북도 예천군,경상북도,53467.0,8.771765762058841,43.58763349355677,30.0,4.0,4.0,0.25,0.0,0.0,0.0,0.0,2.0,2.0,0.5,1.0,9.0,4.0,1650.0,529371.0,949.0,3.8,0.7107187611049806,1.0833333333333333,1.0,20.17003188097768,79.82996811902231,1,100,100,64.85891934332359,73.57993478362795,6476,5
4794000000,경상북도 울릉군,경상북도,8756.0,4.716765646413887,44.49520328917314,30.0,2.0,2.0,0.5,0.0,0.0,0.0,0.0,1.0,1.0,1.0,1.0,2.0,2.0,620.0,13700.0,116.0,1.4,1.5989036089538602,0.3333333333333333,1.0,2.4654622741764083,97.5345377258236,1,100,100,76.86220145037618,62.69306225040312,6476,5
4793000000,경상북도 울진군,경상북도,46096.0,6.651336341548074,44.23594238111767,30.0,4.0,3.0,0.25,0.0,0.0,0.25,0.0,2.0,2.0,0.5,1.0,2.0,1.0,825.0,120000.0,814.0,2.4,0.5206525511975009,0.5,1.0,17.30074388947928,82.69925611052072,1,100,100,67.42066560915299,62.98798796518274,6476,5
4773000000,경상북도 의성군,경상북도,47893.0,4.249055185517717,61.564320464368485,30.0,4.0,4.0,0.5,0.25,0.0,0.25,0.0,1.0,1.0,1.0,1.0,3.0,2.0,1400.0,258104.0,1024.0,1.6,0.3340780489841939,0.5833333333333334,1.0,21.764080765143465,78.23591923485654,1,100,100,85.98754720803194,65.81327380037949,6476,5
4782000000,경상북도 청도군,경상북도,40058.0,4.92286185031704,59.08682410504768,30.0,0.0,1.0,0.5,0.0,0.0,0.0,0.0,1.0,1.0,1.0,1.0,3.0,1.0,1252.5,700000.0,501.0,1.6,0.3994208397823157,0.25,1.0,10.648246546227417,89.35175345377259,1,100,100,89.77604209770372,71.7553164906854,6476,5
4775000000,경상북도 청송군,경상북도,23280.0,4.128006872852233,58.140034364261176,30.0,0.0,2.0,0.5,0.0,0.0,0.0,0.0,2.0,1.0,1.0,1.0,2.0,2.0,1185.0,310317.0,541.0,2.4,1.0309278350515463,0.16666666666666666,1.0,11.498405951115835,88.50159404888416,1,100,100,88.08883090269245,68.96750554086876,6476,5
4785000000,경상북도 칠곡군,경상북도,103618.0,9.819722442046748,31.872840626146036,30.0,3.0,3.0,0.5,0.3333333333333333,0.0,0.3333333333333333,0.0,3.0,3.0,1.0,1.0,8.0,3.0,3171.0,898214.0,2554.0,4.6,0.44393831187631494,0.9166666666666666,1.0,54.2826780021254,45.7173219978746,1,100,100,29.47439414219041,57.17904133615409,6476,5
4711100000,경상북도 포항시 남구,경상북도,213333.0,9.391889674827617,34.396928745201166,30.0,2.0,2.0,0.0,0.0,0.0,1.0,0.0,0.0,0.0,0.0,0.0,11.0,2.0,2526.0,177699.0,0.0,2.2,0.10312516113306427,1.0833333333333333,1.0,0.0,100.0,0,0,100,65.95879941036382,49.98296615850329,6476,5
4711300000,경상북도 포항시 북구,경상북도,273722.0,9.434024302029066,32.8271019501538,30.0,0.0,2.0,0.0,0.0,0.0,0.0,0.0,0.0,0.0,0.0,0.0,14.0,2.0,3241.0,228001.0,0.0,2.8000000000000003,0.10229356792658245,1.1666666666666667,1.0,0.0,100.0,0,0,100,64.02812783231987,69.1890304511102,6476,5
2920000000,광주광역시 광산구,광주광역시,384040.0,12.129465680658265,20.455681699822936,30.0,19.0,5.0,0.0,0.0,0.0,0.0,0.0,0.0,0.0,0.0,0.0,1.0,1.0,402.0,95000.0,334.0,0.2,0.005207790855119259,1.6666666666666667,1.0,7.098831030818278,92.90116896918173,0,0,40,44.4476841753542,69.58493414202665,6476,5
2915500000,광주광역시 남구,광주광역시,206083.0,11.160066575117792,30.305750595633796,30.0,20.0,7.0,0.5,0.05,0.0,0.1,0.05,5.0,1.0,1.0,1.0,5.0,3.0,925.0,279282.0,351.0,6.0,0.29114482999568136,2.0833333333333335,1.0,7.4601487778958555,92.53985122210415,0,0,100,56.33973186198501,68.51222034813495,6476,5
2911000000,광주광역시 동구,광주광역시,105005.0,7.353935526879672,32.201323746488264,30.0,72.0,8.0,0.35714285714285715,0.041666666666666664,0.0,0.027777777777777776,0.0,14.0,3.0,0.7142857142857143,1.0,8.0,3.0,5910.0,1305492.0,1264.0,15.6,1.4856435407837723,6.666666666666667,1.0,26.865037194473963,73.13496280552604,0,0,100,46.73835156219967,61.969373365463454,6476,5
2917000000,광주광역시 북구,광주광역시,416326.0,9.432271825444484,28.57808544265792,30.0,81.0,7.0,0.5,0.0,0.0,0.012345679012345678,0.0,5.0,2.0,1.0,1.0,1.0,1.0,15937.0,720711.0,1422.0,5.2,0.12490211997329016,6.833333333333333,1.0,30.223166843783208,69.7768331562168,0,0,40,40.21724618889598,66.4672294489486,6476,5
2914000000,광주광역시 서구,광주광역시,274925.0,9.612803491861417,27.547149222515234,30.0,35.0,5.0,0.5,0.0,0.0,0.0,0.0,1.0,1.0,1.0,1.0,3.0,3.0,1165.0,217050.0,615.0,1.6,0.05819769027916705,3.1666666666666665,1.0,13.071200850159405,86.9287991498406,0,0,40,49.496618545569206,66.62303916815905,6476,5
2772000000,대구광역시 군위군,대구광역시,22674.0,3.5591426303254825,62.67090059098527,30.0,0.0,1.0,0.5,0.0,0.0,0.0,0.0,3.0,3.0,1.0,1.0,1.0,1.0,148.0,7235.0,56.0,3.2,1.4113081062009352,0.08333333333333333,1.0,1.1902231668437833,98.80977683315622,1,100,100,100.0,70.0,6476,5
2720000000,대구광역시 남구,대구광역시,140620.0,5.989901863177358,36.83899871995449,30.0,33.0,3.0,0.5,0.06060606060606061,0.0,0.0,0.0,2.0,1.0,1.0,1.0,2.0,1.0,780.0,160000.0,436.0,2.4,0.17067273503057886,2.9166666666666665,1.0,9.26673751328374,90.73326248671626,0,0,100,63.263802554314545,61.411578675641636,6476,5
2729000000,대구광역시 달서구,대구광역시,514075.0,9.431503185332879,30.394786752905706,30.0,88.0,5.0,0.5,0.07954545454545454,0.0,0.0,0.0,3.0,2.0,1.0,1.0,5.0,5.0,2680.0,795016.0,1164.0,4.0,0.07780965812381462,7.75,1.0,24.739638682252924,75.26036131774708,0,0,100,45.82353319947039,66.4531306967065,6476,5
2771000000,대구광역시 달성군,대구광역시,252210.0,10.760477379961143,26.698386265413742,30.0,4.0,3.0,0.25,0.0,0.25,0.0,0.0,2.0,1.0,0.5,1.0,2.0,1.0,645.0,120000.0,53.0,2.4,0.09515879624122756,0.5,1.0,1.126461211477152,98.87353878852285,1,100,40,55.797952028476516,67.08795476631308,6476,5
2714000000,대구광역시 동구,대구광역시,338260.0,7.666587831845326,33.90587122331934,30.0,13.0,5.0,0.2,0.0,0.0,0.0,0.0,5.0,2.0,0.4,1.0,4.0,2.0,951.0,74118.0,172.0,5.8,0.17146573641577484,1.4166666666666667,1.0,3.655685441020191,96.3443145589798,0,0,100,63.10687026478555,64.84095224373496,6476,5
2723000000,대구광역시 북구,대구광역시,407548.0,9.233513598398225,29.362921668122528,30.0,31.0,7.0,0.5,0.0,0.0,0.03225806451612903,0.0,8.0,2.0,1.0,1.0,2.0,1.0,1100.0,415000.0,410.0,8.4,0.20611069125599932,2.75,1.0,8.71413390010627,91.28586609989372,0,0,40,54.409066810123,65.96572156098769,6476,5
2717000000,대구광역시 서구,대구광역시,163748.0,5.942668002051933,40.048122725163054,30.0,23.0,5.0,0.0,0.043478260869565216,0.0,0.0,0.0,0.0,0.0,0.0,0.0,1.0,1.0,40.0,1000.0,304.0,0.2,0.012213889635293256,2.0,1.0,6.461211477151966,93.53878852284804,0,0,100,68.93579084313534,63.26705976084928,6476,5
2726000000,대구광역시 수성구,대구광역시,408527.0,11.526777911863842,28.434595510211075,30.0,98.0,8.0,0.22727272727272727,0.01020408163265306,0.0,0.01020408163265306,0.0,11.0,3.0,0.45454545454545453,1.0,3.0,2.0,1140.0,82524.0,1296.0,11.6,0.2839469606660025,8.416666666666666,1.0,27.545164718384697,72.4548352816153,0,0,40,41.68756085526266,72.09362926443342,6476,5
2711000000,대구광역시 중구,대구광역시,101643.0,7.461409049319679,24.16693722145155,30.0,148.0,5.0,0.5,0.02027027027027027,0.0,0.0,0.0,4.0,1.0,1.0,1.0,9.0,2.0,1006.0,273346.0,1957.0,5.8,0.5706246372106294,13.083333333333334,1.0,41.59404888416578,58.40595111583422,0,0,40,27.799826671628352,58.37948949526392,6476,5
3023000000,대전광역시 대덕구,대전광역시,164379.0,7.999805327931184,32.80589369688342,30.0,2.0,2.0,0.5,0.0,0.0,0.0,0.0,3.0,2.0,1.0,1.0,3.0,2.0,786.0,320072.0,26.0,3.6,0.21900607741864836,0.4166666666666667,1.0,0.5526036131774708,99.44739638682253,0,0,100,63.66223127700287,65.13951087166797,6476,5
3011000000,대전광역시 동구,대전광역시,218505.0,8.603922107045605,32.494908583327614,30.0,9.0,5.0,0.5,0.2222222222222222,0.0,0.0,0.0,6.0,4.0,1.0,1.0,5.0,3.0,843.0,231720.0,115.0,7.0,0.320358801858081,1.1666666666666667,1.0,2.4442082890541976,97.5557917109458,0,0,100,62.11655514260558,63.503582781332945,6476,5
3017000000,대전광역시 서구,대전광역시,463601.0,9.944111423400726,25.019790725214143,30.0,183.0,6.0,0.25,0.13114754098360656,0.0,0.00546448087431694,0.0,4.0,3.0,0.5,1.0,3.0,3.0,1035.0,420907.0,2347.0,4.6,0.09922325447960638,15.5,1.0,49.88310308182784,50.11689691817216,0,0,40,23.751519766531434,63.62007007858741,6476,5
3020000000,대전광역시 유성구,대전광역시,371147.0,10.423093814580207,20.236456175046545,30.0,22.0,5.0,0.4444444444444444,0.045454545454545456,0.0,0.045454545454545456,0.0,9.0,3.0,0.8888888888888888,1.0,6.0,2.0,3131.0,1618044.0,282.0,10.2,0.2748237221370508,2.3333333333333335,1.0,5.993623804463337,94.00637619553666,0,0,40,44.857693484692795,62.86688708352567,6476,5
3014000000,대전광역시 중구,대전광역시,224581.0,8.612482801305541,32.87010032015175,30.0,32.0,5.0,0.5,0.21875,0.0,0.125,0.0,2.0,1.0,1.0,1.0,4.0,2.0,1428.0,242402.0,410.0,2.8,0.12467662001683134,3.0,1.0,8.71413390010627,91.28586609989372,0,0,100,58.72241536803893,61.28981560616853,6476,5
2644000000,부산광역시 강서구,부산광역시,153175.0,12.094010119144768,20.970132201730046,30.0,63.0,5.0,0.0,0.047619047619047616,0.0,0.06349206349206349,0.0,1.0,1.0,0.0,1.0,3.0,2.0,845.0,140000.0,1264.0,1.6,0.10445568793863229,5.5,1.0,26.865037194473963,73.13496280552604,0,0,40,32.92552687896572,67.37029866032827,6476,5
2641000000,부산광역시 금정구,부산광역시,205968.0,7.538549677619824,38.12679639555659,30.0,36.0,6.0,0.4,0.05555555555555555,0.0,0.027777777777777776,0.0,5.0,2.0,0.8,1.0,3.0,2.0,760.0,176219.0,723.0,5.6,0.2718868950516585,3.25,1.0,15.36663124335813,84.63336875664187,0,0,100,61.09660081776063,65.75629201193502,6476,5
2671000000,부산광역시 기장군,부산광역시,175273.0,11.428457320865165,27.97978011445003,30.0,5.0,4.0,0.5,0.0,0.0,0.2,0.0,1.0,1.0,1.0,1.0,7.0,2.0,1238.0,638700.0,100.0,2.4000000000000004,0.13692924751673108,1.0,1.0,2.1253985122210413,97.87460148777896,1,100,40,56.759612742881686,67.98542199191601,6476,5
2629000000,부산광역시 남구,부산광역시,254174.0,8.845515276936272,33.1729445183221,30.0,48.0,6.0,0.5,0.08333333333333333,0.0,0.0,0.0,8.0,4.0,1.0,1.0,2.0,1.0,714.0,94462.0,963.0,8.4,0.3304822680525939,4.166666666666667,1.0,20.46758767268863,79.53241232731136,0,0,100,51.86730439703436,66.49341800244899,6476,5
2617000000,부산광역시 동구,부산광역시,83432.0,5.370840924345575,40.0242113337808,30.0,48.0,6.0,0.0,0.0,0.0,0.0,0.0,0.0,0.0,0.0,0.0,3.0,2.0,255.0,43000.0,963.0,0.6000000000000001,0.07191485281426792,4.25,1.0,20.46758767268863,79.53241232731136,0,0,100,60.29342258786492,61.935233752579364,6476,5
2626000000,부산광역시 동래구,부산광역시,271437.0,9.734855601852363,31.512284618530266,30.0,29.0,7.0,0.5,0.034482758620689655,0.0,0.034482758620689655,0.0,3.0,2.0,1.0,1.0,3.0,2.0,1446.0,552109.0,582.0,3.6,0.1326274605156998,2.6666666666666665,1.0,12.369819341126462,87.63018065887354,0,0,100,54.80449258039774,67.98243338879776,6476,5
2623000000,부산광역시 부산진구,부산광역시,365104.0,6.742188527104606,32.20233139050791,30.0,53.0,3.0,0.375,0.0,0.0,0.03773584905660377,0.0,4.0,2.0,0.75,1.0,5.0,2.0,1107.0,115200.0,1064.0,5.0,0.13694728077479293,4.833333333333333,1.0,22.61424017003188,77.38575982996812,0,0,100,49.35353939195494,60.493870223895485,6476,5
2632000000,부산광역시 북구,부산광역시,260994.0,7.72048399580067,36.33340230043602,30.0,6.0,2.0,0.0,0.0,0.0,0.0,0.0,0.0,0.0,0.0,0.0,2.0,1.0,1000.0,263000.0,120.0,0.4,0.01532602282044798,0.6666666666666666,1.0,2.5504782146652496,97.44952178533475,0,0,100,66.772027060074,66.40378929106129,6476,5
2653000000,부산광역시 사상구,부산광역시,192718.0,6.857169543062922,37.76917568675474,30.0,2.0,1.0,0.5,0.0,0.0,0.0,0.0,2.0,2.0,1.0,1.0,4.0,1.0,10475.0,300000.0,40.0,2.8,0.14529000923629343,0.5,1.0,0.8501594048884166,99.14984059511158,0,0,100,69.5834107638215,64.80825591724604,6476,5
2638000000,부산광역시 사하구,부산광역시,282633.0,7.972175931331443,36.72536469555926,30.0,29.0,3.0,0.5,0.034482758620689655,0.0,0.0,0.0,3.0,2.0,1.0,1.0,6.0,2.0,2050.0,238288.0,582.0,4.2,0.14860260479137255,2.9166666666666665,1.0,12.369819341126462,87.63018065887354,0,0,100,61.215865841792095,66.91177197019574,6476,5
2614000000,부산광역시 서구,부산광역시,101320.0,6.962100276352151,40.41058033951836,30.0,0.0,2.0,0.5,0.0,0.0,0.0,0.0,3.0,2.0,1.0,1.0,2.0,2.0,359.0,271131.0,0.0,3.4,0.3355704697986577,0.16666666666666666,1.0,0.0,100.0,0,0,100,73.35476579980019,66.63907522987833,6476,5
2650000000,부산광역시 수영구,부산광역시,168513.0,6.771584388148096,35.123106229193,30.0,34.0,5.0,0.0,0.0,0.0,0.029411764705882353,0.0,0.0,0.0,0.0,0.0,2.0,2.0,1927.0,274253.0,682.0,0.4,0.02373704105914677,3.0,1.0,14.495217853347503,85.5047821466525,0,0,100,57.93833347471372,62.44094563781965,6476,5
2647000000,부산광역시 연제구,부산광역시,211509.0,8.145279869887332,32.29271567640148,30.0,4.0,3.0,0.0,0.0,0.0,0.0,0.0,0.0,0.0,0.0,0.0,1.0,1.0,420.0,100000.0,80.0,0.2,0.00945586239829038,0.4166666666666667,1.0,1.7003188097768331,98.29968119022317,0,0,100,62.3253266069308,65.25069748172054,6476,5
2620000000,부산광역시 영도구,부산광역시,100748.0,6.221463453368801,45.08178822408385,30.0,14.0,4.0,0.3333333333333333,0.0,0.0,0.0,0.0,3.0,2.0,0.6666666666666666,1.0,3.0,2.0,601.0,294750.0,281.0,3.6,0.35732719259935686,1.4166666666666667,1.0,5.972369819341126,94.02763018065887,0,0,100,75.42711287416809,67.26962670807677,6476,5
2611000000,부산광역시 중구,부산광역시,36375.0,4.167697594501718,43.88453608247423,30.0,8.0,3.0,0.0,0.0,0.0,0.125,0.0,0.0,0.0,0.0,0.0,6.0,3.0,2101.935,3363391.0,161.0,1.2000000000000002,0.3298969072164949,1.1666666666666667,1.0,3.421891604675877,96.57810839532412,0,0,100,75.52302614221416,58.29250644077749,6476,5
2635000000,부산광역시 해운대구,부산광역시,370920.0,9.35889140515475,32.47762320716057,30.0,113.0,7.0,0.3333333333333333,0.0,0.0,0.035398230088495575,0.0,9.0,2.0,0.6666666666666666,1.0,6.0,3.0,1269.0,4811654.0,2268.0,10.2,0.27499191200258816,9.916666666666666,1.0,48.20403825717322,51.79596174282678,0,0,100,33.95614018999074,68.06642174570146,6476,5
1168000000,서울특별시 강남구,서울특별시,552962.0,11.509289969292647,23.35730122503897,30.0,223.0,9.0,0.2692307692307692,0.013452914798206279,0.0,0.026905829596412557,0.008968609865470852,13.0,2.0,0.5384615384615384,1.0,2.0,1.0,3250.0,950249.0,983.0,13.4,0.24233129943829776,18.75,1.0,20.892667375132838,79.10733262486715,0,0,40,39.534014993644114,68.50735970481338,6476,5
1174000000,서울특별시 강동구,서울특별시,499058.0,8.79797538562652,27.144540313951488,30.0,41.0,7.0,0.0,0.0,0.0,0.0,0.04878048780487805,0.0,0.0,0.0,0.0,1.0,1.0,665.0,455185.0,181.0,0.2,0.00400755022462319,3.5,1.0,3.846971307120085,96.15302869287991,0,0,40,54.67373321379804,63.119728442281655,6476,5
1130500000,서울특별시 강북구,서울특별시,278294.0,6.380302845192494,35.618087346475306,30.0,78.0,8.0,0.0,0.0641025641025641,0.0,0.01282051282051282,0.0,1.0,1.0,0.0,1.0,5.0,3.0,1265.0,191725.0,344.0,2.0,0.07186644340158249,6.916666666666667,1.0,7.311370882040382,92.68862911795962,0,0,100,62.96466541398174,61.45002496725818,6476,5
1150000000,서울특별시 강서구,서울특별시,548622.0,7.250347233614401,28.052283721761068,30.0,32.0,6.0,0.16666666666666666,0.0,0.0,0.03125,0.0,3.0,2.0,0.3333333333333333,1.0,1.0,1.0,498.0,180000.0,141.0,3.2,0.05832795622486885,2.75,1.0,2.9968119022316686,97.00318809776833,0,0,40,56.31292277639529,59.641582307997524,6476,5
1162000000,서울특별시 관악구,서울특별시,478154.0,4.959280901132272,25.839373925555364,30.0,17.0,6.0,0.4,0.11764705882352941,0.0,0.0,0.0,5.0,3.0,0.8,1.0,3.0,3.0,627.0,292579.0,75.0,5.6,0.11711707943465913,1.6666666666666667,1.0,1.5940488841657812,98.40595111583421,0,0,40,54.45395036449562,52.06740420266567,6476,5
1121500000,서울특별시 광진구,서울특별시,331136.0,6.906829822187863,26.298560108233477,30.0,51.0,7.0,0.5,0.0392156862745098,0.0,0.09803921568627451,0.0196078431372549,2.0,1.0,1.0,1.0,3.0,2.0,1605.0,1045041.0,225.0,2.6,0.0785175879396985,4.5,1.0,4.782146652497343,95.21785334750265,0,0,40,53.05822494455953,55.55768598730199,6476,5
1153000000,서울특별시 구로구,서울특별시,382652.0,6.996435403447519,30.348201499012156,30.0,24.0,6.0,0.0,0.041666666666666664,0.0,0.0,0.041666666666666664,1.0,1.0,0.0,1.0,3.0,3.0,942.0,196500.0,106.0,1.6,0.04181344929596605,2.25,1.0,2.252922422954304,97.7470775770457,0,0,100,59.594027642064546,59.64997639188536,6476,5
1154500000,서울특별시 금천구,서울특별시,222655.0,5.3495317868451195,31.332779412094947,30.0,25.0,6.0,0.0,0.04,0.0,0.0,0.0,0.0,0.0,0.0,0.0,0.0,0.0,0.0,0.0,110.0,0.0,0.0,2.0833333333333335,1.0,2.3379383634431457,97.66206163655686,0,0,100,60.75264441998282,56.62132790677037,6476,5
1135000000,서울특별시 노원구,서울특별시,481589.0,9.087416863757271,29.647687135711152,30.0,32.0,6.0,0.5,0.0,0.0,0.0,0.0,3.0,1.0,1.0,1.0,6.0,3.0,668.0,2045770.0,141.0,4.2,0.08721129427790086,3.1666666666666665,1.0,2.9968119022316686,97.00318809776833,0,0,40,58.27505008658353,66.36516855299926,6476,5
1132000000,서울특별시 도봉구,서울특별시,298571.0,7.02747420211608,35.47799350908159,30.0,19.0,5.0,0.5,0.0,0.0,0.10526315789473684,0.10526315789473684,3.0,1.0,1.0,1.0,0.0,0.0,0.0,0.0,84.0,3.0,0.10047861312719587,1.5833333333333333,1.0,1.785334750265675,98.21466524973432,0,0,100,66.19050235044627,59.74525638634489,6476,5
1123000000,서울특별시 동대문구,서울특별시,352299.0,6.635272879003347,27.969139849957,30.0,18.0,6.0,0.0,0.0,0.0,0.05555555555555555,0.0,0.0,0.0,0.0,0.0,3.0,2.0,920.0,189850.0,79.0,0.6000000000000001,0.017030987882452123,1.75,1.0,1.6790648246546227,98.32093517534538,0,0,40,57.020991276812275,57.37576331458136,6476,5
1159000000,서울특별시 동작구,서울특별시,372327.0,6.73386566109898,27.33242552917194,30.0,13.0,4.0,0.5,0.0,0.0,0.0,0.07692307692307693,1.0,1.0,1.0,1.0,1.0,1.0,300.0,40000.0,57.0,1.2,0.03222973354067795,1.1666666666666667,1.0,1.2114771519659937,98.788522848034,0,0,40,56.52545436154516,56.85582008008389,6476,5
1144000000,서울특별시 마포구,서울특별시,356856.0,7.198421772367565,23.774575739233754,30.0,133.0,9.0,0.5,0.007518796992481203,0.0,0.06766917293233082,0.022556390977443608,1.0,1.0,1.0,1.0,4.0,3.0,1703.0,1548343.0,586.0,1.8,0.05044051382070079,11.416666666666666,1.0,12.454835281615303,87.5451647183847,0,0,40,45.23589329937061,55.75224875527101,6476,5
1141000000,서울특별시 서대문구,서울특별시,300236.0,7.271946069092314,28.10122703473268,30.0,295.0,7.0,0.1,0.006779661016949152,0.0,0.003389830508474576,0.003389830508474576,5.0,2.0,0.2,1.0,3.0,2.0,621.0,1191327.0,1301.0,5.6,0.1865199376490494,24.833333333333332,1.0,27.65143464399575,72.34856535600426,0,0,40,41.2122146543536,60.14938299676449,6476,5
1165000000,서울특별시 서초구,서울특별시,414486.0,11.024497811747562,23.729390136216903,30.0,870.0,10.0,0.5,0.016091954022988506,0.0,0.03908045977011494,0.0,9.0,2.0,1.0,1.0,4.0,1.0,4139.0,1538838.0,3836.0,9.8,0.23643741887542644,72.83333333333333,1.0,81.53028692879914,18.469713071200857,0,0,40,2.7036570118949492,67.2577914082063,6476,5
1120000000,서울특별시 성동구,서울특별시,274694.0,6.276802551202429,26.924141044216476,30.0,68.0,7.0,0.4147058823529412,0.04411764705882353,0.22058823529411764,0.04411764705882353,0.0,5.0,3.0,0.8,1.0,0.0,0.0,0.0,0.0,300.0,5.0,0.18202072123890584,5.666666666666667,1.0,6.376195536663125,93.62380446333688,0,0,40,52.84737295406509,53.61659345976774,6476,5
1129000000,서울특별시 성북구,서울특별시,422190.0,8.080485089651578,28.01676970084559,30.0,100.0,6.0,0.3333333333333333,0.21,0.0,0.03,0.05,9.0,2.0,0.6666666666666666,1.0,0.0,0.0,0.0,0.0,441.0,9.0,0.21317416329140906,8.333333333333334,1.0,9.373007438894792,90.62699256110521,0,0,40,52.34832255439507,58.30999571849358,6476,5
1171000000,서울특별시 송파구,서울특별시,650505.0,8.884020876088577,25.69434516260444,30.0,176.0,7.0,0.2727272727272727,0.011363636363636364,0.0,0.028409090909090908,0.0,11.0,2.0,0.5454545454545454,1.0,2.0,2.0,1064.0,9133547.0,776.0,11.4,0.1752484608112159,14.833333333333334,1.0,16.49309245483528,83.50690754516472,0,0,40,45.1136951606399,62.756037628303275,6476,5
1147000000,서울특별시 양천구,서울특별시,422070.0,10.820480015163362,27.844907242874406,30.0,19.0,5.0,0.0,0.0,0.0,0.0,0.0,0.0,0.0,0.0,0.0,0.0,0.0,0.0,0.0,84.0,0.0,0.0,1.5833333333333333,1.0,1.785334750265675,98.21466524973432,0,0,40,56.80285350063845,70.19562155270202,6476,5
1156000000,서울특별시 영등포구,서울특별시,371772.0,6.011480154503298,26.19401138332096,30.0,139.0,9.0,0.5,0.04316546762589928,0.0,0.04316546762589928,0.02158273381294964,4.0,3.0,1.0,1.0,8.0,3.0,6063.0,4004314.0,613.0,5.6,0.15062995599453427,12.25,1.0,13.028692879914985,86.97130712008502,0,0,40,47.85858413920973,54.10613455946489,6476,5
1117000000,서울특별시 용산구,서울특별시,199810.0,6.309494019318353,27.288424002802664,30.0,88.0,8.0,0.4699675324675325,0.0,0.0,0.011363636363636364,0.0,14.0,4.0,0.9285714285714286,1.0,2.0,1.0,5604.0,515683.0,388.0,14.4,0.7206846504178971,7.5,1.0,8.24654622741764,91.75345377258236,0,0,40,52.14525364461225,56.94686462438833,6476,5
1138000000,서울특별시 은평구,서울특별시,453398.0,7.310354258289626,30.631806933422734,30.0,7.0,5.0,0.0,0.2857142857142857,0.0,0.0,0.0,3.0,2.0,0.0,1.0,0.0,0.0,0.0,0.0,31.0,3.0,0.06616703205572147,0.5833333333333334,1.0,0.6588735387885228,99.34112646121147,0,0,100,60.92305412798852,58.91802902472401,6476,5
1111000000,서울특별시 종로구,서울특별시,136518.0,6.685565273443796,30.76590632737075,30.0,1067.0,10.0,0.28688524590163933,0.053420805998125584,0.0009372071227741331,0.03467666354264293,0.0018744142455482662,61.0,3.0,0.5737704918032787,1.0,9.0,2.0,4023.8,3464599.0,4705.0,62.8,4.600125990711847,89.66666666666667,1.0,100.0,0.0,0,0,100,0.0,59.042313518224205,6476,5
1114000000,서울특별시 중구,서울특별시,117765.0,4.967520061138709,30.948074555258355,30.0,218.0,10.0,0.4117647058823529,0.09174311926605505,0.0,0.11009174311926606,0.03211009174311927,17.0,3.0,0.8235294117647058,1.0,3.0,2.0,1457.0,446513.0,961.0,17.6,1.4945017619836116,18.416666666666668,1.0,20.425079702444208,79.57492029755579,0,0,100,49.1571590797563,52.31621526742916,6476,5
1126000000,서울특별시 중랑구,서울특별시,376463.0,6.092497801908819,32.573719064024885,30.0,4.0,3.0,0.0,0.25,0.0,0.25,0.0,0.0,0.0,0.0,0.0,2.0,2.0,632.0,3030185.0,18.0,0.4,0.010625214164473002,0.5,1.0,0.38257173219978746,99.61742826780021,0,0,100,63.481246275525876,52.852867803558894,6476,5
3611000000,세종특별자치시,세종특별자치시,391064.0,13.841212691528753,18.015209786633392,30.0,0.0,0.0,0.0,0.0,0.0,0.0,0.0,0.0,0.0,0.0,0.0,0.0,0.0,0.0,0.0,3194.0,0.0,0.0,0.0,0.0,67.88522848034006,32.11477151965994,0,0,40,4.066774062506589,72.98469368349798,6476,5
3114000000,울산광역시 남구,울산광역시,304385.0,9.167008886771686,27.32756213348227,30.0,38.0,6.0,0.16666666666666666,0.05263157894736842,0.0,0.02631578947368421,0.0,3.0,1.0,0.3333333333333333,1.0,10.0,4.0,8040.0,1723613.0,1038.0,5.0,0.16426565040984278,4.0,1.0,22.06163655685441,77.93836344314559,0,0,40,43.69805533656213,63.883385721384656,6476,5
3117000000,울산광역시 동구,울산광역시,147834.0,10.931856000649377,28.84383835924077,30.0,20.0,5.0,0.0,0.05,0.0,0.05,0.0,0.0,0.0,0.0,0.0,1.0,1.0,650.0,131000.0,546.0,0.2,0.01352868758201767,1.75,1.0,11.604675876726887,88.39532412327311,0,0,40,51.99318053352088,69.05213870480023,6476,5
3120000000,울산광역시 북구,울산광역시,213772.0,11.92906461089385,22.00896282020096,30.0,12.0,3.0,0.0,0.0,0.0,0.0,0.0,0.0,0.0,0.0,0.0,2.0,2.0,820.0,184632.0,328.0,0.4,0.018711524427895143,1.1666666666666667,1.0,6.971307120085016,93.02869287991498,0,0,40,46.43642530059331,69.92374672762536,6476,5
3171000000,울산광역시 울주군,울산광역시,218259.0,9.395259760193166,31.40626503374431,30.0,23.0,6.0,0.42857142857142855,0.08695652173913043,0.17391304347826086,0.043478260869565216,0.0,7.0,2.0,0.8571428571428571,1.0,6.0,4.0,5991.0,400835.0,628.0,8.2,0.37570042930646613,2.4166666666666665,1.0,13.34750265674814,86.65249734325187,1,100,100,54.07289486682523,63.899210493849296,6476,5
3111000000,울산광역시 중구,울산광역시,203216.0,9.236477442721046,31.903491851035355,30.0,46.0,5.0,0.375,0.06521739130434782,0.0,0.0,0.0,4.0,1.0,0.75,1.0,10.0,4.0,2109.0,1365793.0,1256.0,6.0,0.2952523423352492,4.666666666666667,1.0,26.69500531349628,73.30499468650372,0,0,100,46.47661713589245,67.05381016364484,6476,5
2871000000,인천광역시 강화군,인천광역시,69689.0,5.990902437974429,52.615190345678656,30.0,2.0,2.0,0.0,0.0,0.0,0.0,0.0,3.0,1.0,0.0,1.0,3.0,2.0,800.0,72411.0,68.0,3.6,0.5165808090229448,0.4166666666666667,1.0,1.445270988310308,98.55472901168969,1,100,100,87.47601912538418,70.99978773327432,6476,5
2824500000,인천광역시 계양구,인천광역시,276563.0,7.615624649718147,31.675965331588102,30.0,9.0,4.0,0.25,0.0,0.0,0.0,0.0,2.0,1.0,0.5,1.0,1.0,1.0,230.0,42281.0,307.0,2.2,0.07954787878349598,0.8333333333333334,1.0,6.524973432518597,93.47502656748141,0,0,100,58.59997667856084,63.40125083379752,6476,5
2820000000,인천광역시 남동구,인천광역시,479343.0,9.179856595381596,29.732154219421165,30.0,56.0,6.0,0.0,0.0,0.0,0.0,0.0,3.0,2.0,0.0,1.0,2.0,2.0,700.0,716772.0,1910.0,3.4,0.07093041934481153,4.833333333333333,1.0,40.59511158342189,59.40488841657811,0,0,40,35.25855794565457,66.67447842078343,6476,5
2814000000,인천광역시 동구,인천광역시,57836.0,7.3051386679576735,37.20520091292621,30.0,2.0,1.0,0.5,0.0,0.0,0.0,0.0,1.0,1.0,1.0,1.0,2.0,1.0,750.0,123800.0,68.0,1.4,0.24206376651220693,0.3333333333333333,1.0,1.445270988310308,98.55472901168969,0,0,100,68.52384636999739,65.7414080983301,6476,5
2817700000,인천광역시 미추홀구,인천광역시,417725.0,7.771141301095217,29.845472499850377,30.0,13.0,7.0,0.3125,0.07692307692307693,0.0,0.23076923076923078,0.0,8.0,3.0,0.625,1.0,2.0,1.0,433.0,20000.0,443.0,8.4,0.2010892333472979,1.25,1.0,9.415515409139214,90.58448459086078,0,0,40,54.571236613921656,57.24753581789188,6476,5
2823700000,인천광역시 부평구,인천광역시,488829.0,7.760177894519352,29.77789779247958,30.0,29.0,7.0,0.5,0.0,0.0,0.034482758620689655,0.0,1.0,1.0,1.0,1.0,1.0,1.0,840.0,230282.0,989.0,1.2,0.024548461732016715,2.5,1.0,21.0201912858661,78.9798087141339,0,0,40,47.35204941029262,62.01515228095793,6476,5
2818500000,인천광역시 연수구,인천광역시,410308.0,11.589586359515291,21.854070600621974,30.0,62.0,8.0,0.5,0.0,0.0,0.04838709677419355,0.0,6.0,3.0,1.0,1.0,6.0,3.0,3179.0,564582.0,2115.0,7.2,0.17547793364984354,5.666666666666667,1.0,44.95217853347503,55.04782146652497,0,0,40,22.8902986857312,67.91036662894496,6476,5
2872000000,인천광역시 옹진군,인천광역시,19376.0,4.428158546655657,49.02972749793559,30.0,0.0,1.0,0.0,0.0,0.0,0.0,0.0,0.0,0.0,0.0,0.0,1.0,1.0,180.0,1200.0,0.0,0.2,0.1032204789430223,0.08333333333333333,1.0,0.0,100.0,1,100,100,83.95513425970563,64.5165805340718,6476,5
4681000000,전라남도 강진군,전라남도,31746.0,6.495306495306495,51.28520128520129,30.0,2.0,3.0,0.0,0.0,0.0,0.0,0.0,0.0,0.0,0.0,0.0,6.0,3.0,3470.0,539338.0,0.0,1.2000000000000002,0.378000378000378,0.6666666666666666,1.0,0.0,100.0,1,100,100,86.72905756757325,71.64651463169346,6476,5
4677000000,전라남도 고흥군,전라남도,59047.0,5.1755381306416925,58.44327400206615,30.0,6.0,2.0,0.25,0.0,0.0,0.0,0.0,2.0,2.0,0.5,1.0,3.0,2.0,800.0,479611.0,1199.0,2.6,0.44032719697867806,0.75,1.0,25.483528161530288,74.51647183846971,1,100,100,79.86188327110796,72.09248056457237,6476,5
4672000000,전라남도 곡성군,전라남도,27643.0,5.798936439604963,52.89946821980248,30.0,2.0,2.0,0.5,0.0,0.0,0.5,0.5,2.0,1.0,1.0,1.0,2.0,1.0,1280.0,280979.0,560.0,2.4,0.8682125673769128,0.3333333333333333,1.0,11.902231668437832,88.09776833156216,1,100,100,81.39532843568483,50.62467234319651,6476,5
4623000000,전라남도 광양시,전라남도,155909.0,10.187352878922962,26.64118171497476,30.0,15.0,4.0,0.0,0.06666666666666667,0.0,0.13333333333333333,0.06666666666666667,2.0,1.0,0.0,1.0,6.0,3.0,1431.0,785339.0,1861.0,3.2,0.20524793308917383,1.75,1.0,39.553666312433585,60.446333687566415,0,0,40,32.09750324451629,62.469849923281764,6476,5
4673000000,전라남도 구례군,전라남도,23995.0,6.330485517816212,53.10272973536153,30.0,1.0,3.0,0.0,0.0,0.0,1.0,0.0,1.0,1.0,0.0,1.0,6.0,3.0,1600.0,394944.0,322.0,2.2,0.916857678683059,0.5833333333333334,1.0,6.843783209351754,93.15621679064824,1,100,100,84.75591100576366,52.23908886244072,6476,5
4617000000,전라남도 나주시,전라남도,116791.0,8.984425169747668,34.19527189595088,30.0,6.0,4.0,0.5,0.0,0.0,0.16666666666666666,0.0,6.0,3.0,1.0,1.0,6.0,3.0,3555.0,961000.0,2166.0,7.2,0.616485859355601,1.0,1.0,46.036131774707755,53.963868225292245,0,0,100,37.40172618479814,65.38543547547756,6476,5
4671000000,전라남도 담양군,전라남도,44112.0,6.333877402974247,49.21563293434893,30.0,3.0,3.0,0.5,0.3333333333333333,0.0,0.6666666666666666,0.0,5.0,1.0,1.0,1.0,5.0,3.0,815.0,793677.0,2.0,6.0,1.3601741022850926,0.6666666666666666,1.0,0.04250797024442083,99.95749202975558,1,100,100,84.1576329546536,54.052194074846184,6476,5
4611000000,전라남도 목포시,전라남도,199813.0,10.525341194016406,31.731669110618427,30.0,27.0,5.0,0.5,0.0,0.0,0.0,0.0,2.0,2.0,1.0,1.0,2.0,2.0,840.0,320000.0,1021.0,2.4,0.12011230500517985,2.4166666666666665,1.0,21.70031880977683,78.29968119022317,0,0,100,49.33668830410397,71.624209244457,6476,5
4684000000,전라남도 무안군,전라남도,95807.0,11.5033348293966,28.72232717859864,30.0,24.0,4.0,0.5,0.0,0.0,0.0,0.0,1.0,1.0,1.0,1.0,7.0,3.0,1772.0,157291.0,614.0,2.4000000000000004,0.2505036166459654,2.5833333333333335,1.0,13.049946865037194,86.9500531349628,1,100,40,50.95499594024397,72.62783791548878,6476,5
4678000000,전라남도 보성군,전라남도,36691.0,5.750729061622741,56.231773459431466,30.0,5.0,4.0,0.25,0.0,0.0,0.0,0.0,2.0,1.0,0.5,1.0,6.0,4.0,2160.0,796000.0,0.0,3.2,0.8721484832792784,0.9166666666666666,1.0,0.0,100.0,1,100,100,92.81266267334618,72.42604299313592,6476,5
4615000000,전라남도 순천시,전라남도,274685.0,10.110490197863006,29.659064018785152,30.0,18.0,6.0,0.25,0.16666666666666666,0.0,0.16666666666666666,0.0,2.0,1.0,0.5,1.0,9.0,3.0,6680.0,1105350.0,2356.0,3.8,0.13834028068514842,2.25,1.0,50.07438894792774,49.92561105207226,0,0,40,29.33956172496351,62.8447326268042,6476,5
4691000000,전라남도 신안군,전라남도,42207.0,6.373350392115052,50.03909304143862,30.0,0.0,3.0,0.2857142857142857,0.0,0.0,0.0,0.0,14.0,2.0,0.5714285714285714,1.0,16.0,3.0,945.0,174119.0,516.0,17.2,4.075153410571706,1.3333333333333333,1.0,10.967056323060573,89.03294367693942,1,100,100,78.4525280935831,70.57885666149781,6476,5
4613000000,전라남도 여수시,전라남도,260913.0,9.034429100888035,34.95839609371706,30.0,24.0,5.0,0.5,0.0,0.0,0.041666666666666664,0.0,2.0,2.0,1.0,1.0,9.0,4.0,1854.0,405650.0,1967.0,3.8,0.14564241720420215,2.75,1.0,41.806588735387884,58.193411264612116,0,0,100,40.94114307062177,68.46979611633647,6476,5
4687000000,전라남도 영광군,전라남도,53933.0,7.275693916526061,41.65538723972336,30.0,0.0,2.0,0.5,0.0,0.0,0.0,0.0,2.0,1.0,1.0,1.0,3.0,2.0,1323.0,517242.0,63.0,2.6,0.48207961730294996,0.25,1.0,1.3390010626992561,98.66099893730075,1,100,100,74.06231370159482,68.24541833076884,6476,5
4683000000,전라남도 영암군,전라남도,50069.0,7.515628432762787,42.936747288741536,30.0,7.0,4.0,0.4375,0.2857142857142857,0.0,0.14285714285714285,0.0,8.0,2.0,0.875,1.0,4.0,4.0,1910.0,249222.0,897.0,8.8,1.7575745471249675,0.9166666666666666,1.0,19.064824654622743,80.93517534537726,1,100,100,64.73804523995743,63.62648498763504,6476,5
4689000000,전라남도 완도군,전라남도,44238.0,7.104751571047515,49.24273249242733,30.0,6.0,4.0,0.0,0.0,0.0,0.0,0.0,1.0,1.0,0.0,1.0,2.0,1.0,880.0,70628.0,461.0,1.4,0.3164700031647,0.6666666666666666,1.0,9.798087141339002,90.201912858661,1,100,100,78.19194973438924,72.17475744756318,6476,5
4688000000,전라남도 장성군,전라남도,43009.0,6.996210095561393,45.63695970610802,30.0,5.0,3.0,0.5,0.0,0.0,0.0,0.0,3.0,2.0,1.0,1.0,2.0,1.0,1200.0,473000.0,850.0,3.4,0.7905322141877282,0.5833333333333334,1.0,18.065887353878853,81.93411264612115,1,100,100,68.6732139577914,69.77318679718874,6476,5
4680000000,전라남도 장흥군,전라남도,34006.0,6.619420102334882,51.14097512203729,30.0,3.0,3.0,0.0,0.0,0.0,0.0,0.0,0.0,0.0,0.0,0.0,4.0,3.0,3014.0,505415.0,777.0,0.8,0.23525260248191496,0.5833333333333334,1.0,16.514346439957492,83.48565356004251,1,100,100,76.39648899631227,71.91204403104234,6476,5
4690000000,전라남도 진도군,전라남도,27884.0,6.8928417730598195,50.34786974609094,30.0,21.0,3.0,0.25,0.0,0.0,0.0,0.0,8.0,2.0,0.5,1.0,9.0,3.0,2860.0,281347.0,442.0,9.8,3.51456032133123,2.5,1.0,9.394261424017003,90.605738575983,1,100,100,79.79944204558282,72.220667905531,6476,5
4686000000,전라남도 함평군,전라남도,29490.0,5.72736520854527,53.76737877246525,30.0,3.0,2.0,0.5,0.0,0.0,0.6666666666666666,0.0,1.0,1.0,1.0,1.0,5.0,2.0,3763.0,597121.0,1128.0,2.0,0.678195998643608,0.6666666666666666,1.0,23.97449521785335,76.02550478214665,1,100,100,75.03912541129654,57.59438936380521,6476,5
4682000000,전라남도 해남군,전라남도,62086.0,6.855007570144638,49.78578101343298,30.0,0.0,4.0,0.3,0.0,0.0,0.0,0.0,5.0,2.0,0.6,1.0,9.0,4.0,2865.0,592500.0,1281.0,6.8,1.095254968914087,0.75,1.0,27.22635494155154,72.77364505844847,1,100,100,68.14263578907331,71.78742586893482,6476,5
4679000000,전라남도 화순군,전라남도,60008.0,7.663978136248501,43.0775896547127,30.0,0.0,3.0,0.5,0.0,0.0,0.0,0.0,6.0,2.0,1.0,1.0,9.0,3.0,2848.0,1068800.0,0.0,7.8,1.2998266897746966,0.75,1.0,0.0,100.0,1,100,100,76.63482134444317,70.16512842983994,6476,5
5279000000,전북특별자치도 고창군,전북특별자치도,50148.0,7.753050969131372,51.3300630134801,30.0,6.0,4.0,0.25,0.0,0.0,0.0,0.0,2.0,1.0,0.5,1.0,6.0,4.0,3032.0,1199949.0,1073.0,3.2,0.63811119087501,1.0,1.0,22.805526036131774,77.19447396386823,1,100,100,72.7603972825008,75.21302489908496,6476,5
5213000000,전북특별자치도 군산시,전북특별자치도,255649.0,9.773556712523812,33.146227835821776,30.0,24.0,3.0,0.0,0.0,0.0,0.041666666666666664,0.0,1.0,1.0,0.0,1.0,5.0,3.0,1847.0,328597.0,1833.0,2.0,0.07823226376790052,2.4166666666666665,1.0,38.95855472901169,61.04144527098831,1,100,100,40.46377028159209,69.4969568052246,6476,5
5221000000,전북특별자치도 김제시,전북특별자치도,81665.0,6.8413641094716215,46.259719586114,30.0,8.0,5.0,0.5,0.0,0.0,0.125,0.0,2.0,1.0,1.0,1.0,6.0,3.0,3676.0,251744.0,1485.0,3.2,0.3918447315251332,1.1666666666666667,1.0,31.562167906482465,68.43783209351753,0,0,100,61.13983647108645,67.19932041782167,6476,5
5219000000,전북특별자치도 남원시,전북특별자치도,73937.0,8.006816614144475,44.629887607016784,30.0,18.0,5.0,0.5,0.05555555555555555,0.0,0.0,0.0,4.0,1.0,1.0,1.0,7.0,4.0,4973.0,1617399.0,1188.0,5.4,0.7303515154793946,2.0833333333333335,1.0,25.249734325185972,74.75026567481403,0,0,100,63.01708036965975,71.3369941177452,6476,5
5273000000,전북특별자치도 무주군,전북특별자치도,23202.0,7.124385828807861,50.62063615205585,30.0,0.0,3.0,0.5,0.0,0.0,0.0,0.0,1.0,1.0,1.0,1.0,4.0,3.0,4065.0,439224.0,407.0,1.8,0.7757951900698217,0.3333333333333333,1.0,8.65037194473964,91.34962805526035,1,100,100,80.59234830045881,73.03100177658783,6476,5
5280000000,전북특별자치도 부안군,전북특별자치도,47009.0,6.564700376523644,51.12212555042651,30.0,5.0,4.0,0.0,0.0,0.0,0.0,0.0,3.0,2.0,0.0,1.0,8.0,3.0,3082.0,400286.0,893.0,4.6,0.9785360250164862,1.0833333333333333,1.0,18.9798087141339,81.0201912858661,1,100,100,74.8572164411892,71.74705590027604,6476,5
5277000000,전북특별자치도 순창군,전북특별자치도,27611.0,7.1746767592626135,48.91890913041904,30.0,2.0,4.0,0.5,0.0,0.0,0.0,0.0,4.0,1.0,1.0,1.0,6.0,4.0,1779.0,128486.0,511.0,5.2,1.8833073774944769,0.6666666666666666,1.0,10.860786397449521,89.13921360255048,1,100,100,77.14020428614268,72.1833516590816,6476,5
5271000000,전북특별자치도 완주군,전북특별자치도,100033.0,8.60615996721082,36.224046064798614,30.0,10.0,4.0,0.125,0.0,0.0,0.2,0.0,4.0,2.0,0.25,1.0,8.0,3.0,2851.0,266159.0,14.0,5.6,0.5598152609638819,1.5,1.0,0.2975557917109458,99.70244420828905,1,100,100,68.02292663379521,64.83331485567226,6476,5
5214000000,전북특별자치도 익산시,전북특별자치도,266818.0,9.187910860586618,34.87808168864169,30.0,22.0,7.0,0.3333333333333333,0.0,0.0,0.13636363636363635,0.0,3.0,1.0,0.6666666666666666,1.0,10.0,4.0,5592.0,241906.0,15.0,5.0,0.18739365410129752,2.6666666666666665,1.0,0.3188097768331562,99.68119022316684,0,0,100,66.35450537428638,66.96120662421212,6476,5
5275000000,전북특별자치도 임실군,전북특별자치도,25347.0,5.302402651201326,54.83489170316014,30.0,0.0,4.0,0.5,0.0,0.0,0.0,0.0,1.0,1.0,1.0,1.0,8.0,4.0,3530.0,584117.0,593.0,2.6,1.0257624176431135,0.6666666666666666,1.0,12.603613177470775,87.39638682252922,1,100,100,83.34433226720462,70.35203869236808,6476,5
5274000000,전북특별자치도 장수군,전북특별자치도,21144.0,6.829360575104049,51.89178963299281,30.0,4.0,2.0,0.5,0.0,0.0,0.0,0.0,2.0,2.0,1.0,1.0,4.0,2.0,1401.0,328055.0,285.0,2.8,1.3242527430949678,0.6666666666666666,1.0,6.057385759829968,93.94261424017003,1,100,100,83.75020130522928,72.93945533624245,6476,5
5211300000,전북특별자치도 전주시 덕진구,전북특별자치도,307726.0,11.341908061067313,25.49248357304875,30.0,0.0,2.0,0.0,0.0,0.0,0.0,0.0,0.0,0.0,0.0,0.0,7.0,2.0,2850.0,642849.0,0.0,1.4000000000000001,0.04549501829549665,0.5833333333333334,1.0,0.0,100.0,0,0,40,55.00755353638403,70.2959278783784,6476,5
5211100000,전북특별자치도 전주시 완산구,전북특별자치도,314034.0,9.849251991822541,30.02509282434386,30.0,6.0,3.0,0.0,0.0,0.0,1.0,0.16666666666666666,0.0,0.0,0.0,0.0,8.0,3.0,2908.0,656026.0,0.0,1.6,0.05094989714489514,1.1666666666666667,1.0,0.0,100.0,0,0,100,60.58204104256175,45.39571531315184,6476,5
5218000000,전북특별자치도 정읍시,전북특별자치도,100683.0,7.95466960658701,43.35389291141504,30.0,6.0,3.0,0.5,0.0,0.0,0.0,0.0,2.0,1.0,1.0,1.0,5.0,3.0,2530.0,373622.0,1394.0,3.0,0.2979648997348112,0.9166666666666666,1.0,29.628055260361318,70.37194473963868,1,100,100,58.75541493740406,71.14401266970498,6476,5
5272000000,전북특별자치도 진안군,전북특별자치도,24414.0,5.996559351191939,53.952650118784305,30.0,1.0,1.0,0.5,0.0,0.0,1.0,0.0,2.0,1.0,1.0,1.0,4.0,1.0,1363.0,96066.0,561.0,2.8,1.146882936020316,0.4166666666666667,1.0,11.923485653560043,88.07651434643995,1,100,100,82.6775279322962,51.79317711355734,6476,5
5013000000,제주특별자치도 서귀포시,제주특별자치도,178798.0,9.961520822380564,33.73639526169197,30.0,47.0,5.0,0.06063829787234043,0.0,0.0,0.0,0.0,40.0,2.0,0.1,1.0,22.0,5.0,2831.57,338165.0,0.0,44.4,2.4832492533473527,5.75,1.0,0.0,100.0,0,0,100,65.14643385068494,71.2024558627414,6476,5
5011000000,제주특별자치도 제주시,제주특별자치도,484171.0,10.762313314923858,26.64471849821654,30.0,79.0,8.0,0.11842105263157894,0.06329113924050633,0.0,0.05063291139240506,0.0,38.0,4.0,0.23684210526315788,1.0,33.0,5.0,9693.0,988738.0,0.0,44.6,0.9211621513886623,9.333333333333334,1.0,0.0,100.0,0,0,40,56.4246444079817,67.03825278834091,6476,5
4425000000,충청남도 계룡시,충청남도,45972.0,13.070999738971548,23.868876707561125,30.0,5.0,3.0,0.0,0.0,0.0,0.0,0.0,0.0,0.0,0.0,0.0,3.0,3.0,3180.0,855600.0,0.0,0.6000000000000001,0.13051422605063953,0.6666666666666666,1.0,0.0,100.0,0,0,40,53.010739850311474,74.21935488044753,6476,5
4415000000,충청남도 공주시,충청남도,99841.0,7.918590558988791,43.64940255005459,30.0,37.0,6.0,0.1875,0.02702702702702703,0.0,0.10810810810810811,0.0,8.0,3.0,0.375,1.0,10.0,5.0,6859.0,1393583.0,2902.0,10.0,1.0015925321260803,3.9166666666666665,1.0,61.679064824654624,38.320935175345376,0,0,100,39.40967906249672,68.72041081201888,6476,5
4471000000,충청남도 금산군,충청남도,48975.0,7.979581419091374,49.72332822868811,30.0,5.0,4.0,0.5,0.0,0.0,0.0,0.0,4.0,3.0,1.0,1.0,5.0,3.0,4730.0,1065828.0,990.0,5.0,1.0209290454313424,0.8333333333333334,1.0,21.04144527098831,78.9585547290117,1,100,100,71.86912259567016,74.91669142708865,6476,5
4423000000,충청남도 논산시,충청남도,106094.0,7.688464946179803,43.82811469074594,30.0,5.0,3.0,0.5,0.0,0.0,0.2,0.0,1.0,1.0,1.0,1.0,4.0,1.0,4170.0,843000.0,1291.0,1.8,0.1696608667785172,0.75,1.0,27.438894792773645,72.56110520722635,0,0,100,60.684826174283046,66.67033688396093,6476,5
4427000000,충청남도 당진시,충청남도,172285.0,9.83718837971965,31.18785732942508,30.0,22.0,7.0,0.5,0.0,0.0,0.045454545454545456,0.0,3.0,1.0,1.0,1.0,12.0,4.0,2971.0,948727.0,2210.0,5.4,0.31343413529906844,2.8333333333333335,1.0,46.971307120085015,53.028692879914985,0,0,100,33.12795020004818,68.46191510602951,6476,5
4418000000,충청남도 보령시,충청남도,91353.0,7.553118124199535,43.77962409554147,30.0,13.0,5.0,0.3333333333333333,0.0,0.0,0.0,0.0,3.0,2.0,0.6666666666666666,1.0,14.0,5.0,6244.0,2353908.0,1626.0,5.800000000000001,0.6348997843530043,2.25,1.0,34.558979808714135,65.44102019128587,0,0,100,56.24682554726483,70.26116074325604,6476,5
4476000000,충청남도 부여군,충청남도,57822.0,6.471585209781744,54.295942720763726,30.0,11.0,5.0,0.375,0.0,0.0,0.2727272727272727,0.0,4.0,4.0,0.75,1.0,5.0,4.0,7787.0,1480000.0,1157.0,5.0,0.8647227698799765,1.3333333333333333,1.0,24.59086078639745,75.40913921360254,1,100,100,75.31016400680555,67.87534074893183,6476,5
4421000000,충청남도 서산시,충청남도,171306.0,9.680338108414183,32.562782389408426,30.0,28.0,4.0,0.5,0.10714285714285714,0.0,0.0,0.0,2.0,2.0,1.0,1.0,7.0,3.0,2252.0,208248.0,2044.0,3.4000000000000004,0.19847524313217285,2.9166666666666665,1.0,43.443145589798085,56.556854410201915,0,0,100,36.98849669409876,67.88259711377495,6476,5
4477000000,충청남도 서천군,충청남도,46844.0,5.900435488002732,54.8907010502946,30.0,9.0,5.0,0.25,0.0,0.0,0.2222222222222222,0.0,2.0,2.0,0.5,1.0,14.0,5.0,2592.0,1003886.0,1084.0,4.800000000000001,1.0246776534881736,1.9166666666666667,1.0,23.03931987247609,76.96068012752391,1,100,100,76.99572637796543,67.62344229792873,6476,5
4420000000,충청남도 아산시,충청남도,363223.0,11.319492433023239,22.51179027759806,30.0,34.0,6.0,0.2222222222222222,0.0,0.0,0.0,0.0,9.0,3.0,0.4444444444444444,1.0,10.0,3.0,1852.0,766000.0,2443.0,11.0,0.3028442582105208,3.6666666666666665,1.0,51.92348565356004,48.07651434643996,0,0,40,19.412328001418164,68.50015223537271,6476,5
4481000000,충청남도 예산군,충청남도,78337.0,6.930313900200416,47.10545463829352,30.0,10.0,4.0,0.125,0.0,0.0,0.1,0.0,8.0,2.0,0.25,1.0,6.0,3.0,2125.0,549755.0,1364.0,9.2,1.174413112577709,1.3333333333333333,1.0,28.990435706695006,71.00956429330499,1,100,100,63.761413432963565,68.44133169268716,6476,5
4413100000,충청남도 천안시 동남구,충청남도,263552.0,9.534740772219525,27.993716610004853,30.0,23.0,2.0,0.0,0.0,0.0,0.0,0.0,0.0,0.0,0.0,0.0,4.0,1.0,3474.0,638597.0,0.0,0.8,0.03035454103933949,2.25,1.0,0.0,100.0,0,0,40,58.08372700326004,66.6628897056666,6476,5
4413300000,충청남도 천안시 서북구,충청남도,402306.0,10.695838491098815,19.370081480266265,30.0,34.0,4.0,0.0,0.0,0.0,0.0,0.0,0.0,0.0,0.0,0.0,6.0,2.0,5303.0,974803.0,0.0,1.2000000000000002,0.029828041341665307,3.3333333333333335,1.0,0.0,100.0,0,0,40,47.47783895437796,64.91834906230612,6476,5
4479000000,충청남도 청양군,충청남도,30081.0,6.362820384960606,53.87786310295536,30.0,1.0,3.0,0.0,0.0,0.0,0.0,0.0,1.0,1.0,0.0,1.0,5.0,3.0,2320.0,292622.0,1466.0,2.0,0.6648715135800007,0.5,1.0,31.158342189160468,68.84165781083954,1,100,100,70.75743290307264,72.78069368715663,6476,5
4482500000,충청남도 태안군,충청남도,59083.0,6.145591794594045,51.03667721679671,30.0,5.0,3.0,0.3,0.0,0.0,0.4,0.0,5.0,3.0,0.6,1.0,4.0,2.0,798.0,182000.0,1957.0,5.8,0.9816698542728026,0.75,1.0,41.59404888416578,58.40595111583422,1,100,100,60.845920343942446,62.51763361125875,6476,5
4480000000,충청남도 홍성군,충청남도,101443.0,9.328391313348384,36.93699910294451,30.0,10.0,5.0,0.375,0.1,0.0,0.0,0.0,4.0,2.0,0.75,1.0,7.0,3.0,2500.0,1137850.0,1302.0,5.4,0.5323186419959978,1.4166666666666667,1.0,27.67268862911796,72.32731137088204,1,100,100,52.06593228959076,69.65677867413388,6476,5
4376000000,충청북도 괴산군,충청북도,37428.0,4.640910548252645,56.53521427808058,30.0,2.0,2.0,0.25,0.0,0.0,0.5,0.0,2.0,1.0,0.5,1.0,3.0,1.0,2390.0,669784.0,828.0,2.6,0.6946670941541092,0.4166666666666667,1.0,17.598299681190223,82.40170031880977,1,100,100,82.3641061856173,59.478398718508195,6476,5
4380000000,충청북도 단양군,충청북도,26623.0,5.615445291665101,54.41159899335162,30.0,0.0,2.0,0.25,0.0,0.0,0.0,0.0,2.0,2.0,0.5,1.0,2.0,2.0,1300.0,277121.0,408.0,2.4,0.901476167223829,0.16666666666666666,1.0,8.671625929861849,91.32837407013815,1,100,100,85.24164273321976,70.98716405775833,6476,5
4372000000,충청북도 보은군,충청북도,30716.0,5.739679645787212,55.26435733819508,30.0,1.0,2.0,0.5,0.0,0.0,1.0,0.0,2.0,1.0,1.0,1.0,2.0,2.0,1800.0,696319.0,1055.0,2.4,0.7813517385076181,0.25,1.0,22.422954303931988,77.57704569606801,1,100,100,77.83429488857848,51.83258069429601,6476,5
4373000000,충청북도 옥천군,충청북도,50423.0,6.9492096860559665,47.90075957400393,30.0,1.0,2.0,0.5,0.0,0.0,0.0,0.0,1.0,1.0,1.0,1.0,6.0,2.0,1760.8,224639.0,1007.0,2.2,0.4363088273208655,0.5833333333333334,1.0,21.402763018065887,78.59723698193412,1,100,100,69.40542757829809,70.95683250802469,6476,5
4377000000,충청북도 음성군,충청북도,95787.0,7.772453464457599,37.44975831793458,30.0,3.0,3.0,0.5,0.0,0.3333333333333333,0.0,0.3333333333333333,5.0,2.0,1.0,1.0,3.0,3.0,2530.0,641075.0,887.0,5.6,0.5846304822157494,0.5,1.0,18.85228480340064,81.14771519659936,1,100,100,58.120499047744474,55.419368598125416,6476,5
4315000000,충청북도 제천시,충청북도,128306.0,8.595856779885585,39.203154957679295,30.0,18.0,7.0,0.14285714285714285,0.05555555555555555,0.0,0.1111111111111111,0.0,7.0,2.0,0.2857142857142857,1.0,8.0,4.0,444.0,64500.0,1836.0,8.6,0.6702726294951132,2.1666666666666665,1.0,39.02231668437832,60.97768331562168,0,0,100,47.873750404023056,67.52618712908169,6476,5
4374500000,충청북도 증평군,충청북도,36724.0,9.108484914497332,32.07166975275024,30.0,0.0,2.0,0.5,0.0,0.0,0.0,0.0,1.0,1.0,1.0,1.0,2.0,2.0,473.0,320000.0,1.0,1.4,0.3812220890970482,0.16666666666666666,1.0,0.021253985122210415,99.97874601487779,1,100,100,63.08598013180268,67.83353483540633,6476,5
4375000000,충청북도 진천군,충청북도,85558.0,9.815563711166694,29.65239954183127,30.0,2.0,2.0,0.0,0.0,0.5,0.0,0.5,2.0,1.0,0.0,1.0,5.0,2.0,1447.0,958578.0,668.0,3.0,0.3506393323827111,0.5833333333333334,1.0,14.197662061636557,85.80233793836345,1,100,40,51.393091228530174,53.014404099335955,6476,5
4311100000,충청북도 청주시 상당구,충청북도,193425.0,10.06229804833915,29.141527723924,30.0,3.0,2.0,0.0,0.3333333333333333,0.0,1.0,0.0,0.0,0.0,0.0,0.0,5.0,1.0,2801.0,479502.0,0.0,1.0,0.05169962517771746,0.6666666666666666,1.0,0.0,100.0,0,0,40,59.49537719396774,42.713213435466535,6476,5
4311200000,충청북도 청주시 서원구,충청북도,187416.0,9.20305630255688,29.100503692320828,30.0,0.0,1.0,0.0,0.0,0.0,0.0,0.0,0.0,0.0,0.0,0.0,5.0,1.0,2714.0,464606.0,0.0,1.0,0.053357237375677644,0.4166666666666667,1.0,0.0,100.0,0,0,40,59.44492326358325,66.37260479915275,6476,5
4311400000,충청북도 청주시 청원구,충청북도,186312.0,10.736828545665336,24.55826785177552,30.0,0.0,1.0,0.0,0.0,0.0,0.0,0.0,0.0,0.0,0.0,0.0,5.0,1.0,2698.0,461869.0,0.0,1.0,0.05367340804671733,0.4166666666666667,1.0,0.0,100.0,0,0,40,53.85859637339355,68.04962624593132,6476,5
4311300000,충청북도 청주시 흥덕구,충청북도,292288.0,9.53135263849354,21.552373001970658,30.0,0.0,2.0,0.0,0.0,0.0,0.0,0.0,0.0,0.0,0.0,0.0,7.0,2.0,4232.0,724584.0,0.0,1.4000000000000001,0.047897963652288156,0.5833333333333334,1.0,0.0,100.0,0,0,40,50.1617581161947,62.90899776760732,6476,5
4313000000,충청북도 충주시,충청북도,206179.0,8.365546442654198,35.60983417321842,30.0,21.0,4.0,0.4375,0.047619047619047616,0.0,0.0,0.0,8.0,4.0,0.875,1.0,8.0,3.0,3385.0,777687.0,2099.0,9.6,0.46561482983233016,2.4166666666666665,1.0,44.61211477151966,55.38788522848034,0,0,100,40.01711647779093,67.1547035257376,6476,5
